case_name,shape,operator_id,input,execution_path,fixed_microkernel_sample_count,mean_ms,p50_ms,p95_ms,cv_pct,v2_input_address_pct,v2_weight_transform_pct,v2_mac_smlal_pct,v2_requant_pct,v2_output_store_pct,setup_other_pct,foreign_symbol_pct,unclassified_pct,classified_core_share_pct,area_address_pct,area_mac_pct,area_requant_pct,area_setup_pct,area_foreign_pct,area_unclassified_pct,area_address_pct_of_classified,area_mac_pct_of_classified,area_requant_pct_of_classified,detail_address_output_coordinates_pct,detail_address_kernel_coordinates_pct,detail_address_padding_bounds_pct,detail_address_offset_pct,detail_address_point_table_pct,detail_address_input_load_transform_pct,detail_mac_dispatch_guard_pct,detail_mac_weight_load_transform_pct,detail_mac_accumulate_pct,detail_mac_accumulator_store_pct,detail_mac_bias_tail_pct,detail_requant_parameter_load_pct,detail_requant_dispatch_pct,detail_requant_scale_multiply_pct,detail_requant_round_clamp_narrow_pct,detail_requant_output_address_pct,detail_requant_tail_control_pct,detail_requant_output_store_pct,detail_requant_scalar_fallback_pct,detail_setup_other_pct,detail_foreign_symbol_pct,detail_unclassified_pct,stack_spill_share_of_annotated_pct,winner,area_winner,detail_winner
qconv_3x3_op_2,3x3,2,benchmarks/campplus/features/multi__speaker_0000__98.f32,v4_fixed_4x8_intrinsics,3982,17.441555,17.451146,18.158544,2.040238,15.387198,3.278872,47.560430,2.887198,1.286929,7.878245,0.000000,21.721128,70.400627,15.387198,58.661594,4.174127,0.055953,0.000000,21.721128,19.670959,74.992847,5.336195,0.279767,0.145479,2.663384,7.419427,0.928827,3.950313,7.822292,3.278872,47.023277,0.111907,0.425246,0.000000,1.365264,0.000000,1.521934,0.816920,0.179051,0.290958,0.000000,0.055953,0.000000,21.721128,0.160000,v2_mac_smlal,mac,mac_accumulate
qconv_3x3_op_2,3x3,2,benchmarks/campplus/features/multi__speaker_0005__98.f32,v4_fixed_4x8_intrinsics,3944,17.354279,17.277500,18.066905,2.521806,15.525576,3.395166,47.948286,2.394604,1.202923,7.397414,0.000000,22.136031,70.466554,15.525576,58.594716,3.597527,0.146150,0.000000,22.136031,19.976855,75.394185,4.628960,0.281057,0.202361,2.990444,7.228780,1.090500,3.732434,7.251265,3.395166,47.734682,0.056211,0.157392,0.011242,1.124227,0.000000,1.259134,0.820686,0.202361,0.179876,0.000000,0.146150,0.000000,22.136031,0.130052,v2_mac_smlal,mac,mac_accumulate
qconv_3x3_op_2,3x3,2,benchmarks/campplus/features/multi__speaker_0006__98.f32,v4_fixed_4x8_intrinsics,3986,17.280901,17.274271,17.813328,1.677903,16.281950,3.344218,47.528431,2.612318,1.283639,7.127576,0.000000,21.821867,71.050557,16.281950,57.865105,3.895958,0.135120,0.000000,21.821867,20.862790,74.145145,4.992065,0.225200,0.236460,2.713658,7.544195,1.193559,4.368877,6.992456,3.344218,47.123072,0.090080,0.315280,0.000000,1.249859,0.000000,1.362459,0.990879,0.056300,0.236460,0.000000,0.135120,0.000000,21.821867,0.059982,v2_mac_smlal,mac,mac_accumulate
qconv_3x3_op_6,3x3,6,benchmarks/campplus/features/multi__speaker_0000__98.f32,v4_fixed_4x8_intrinsics,3712,17.325492,17.208880,17.816547,1.506164,15.969796,3.876930,48.371464,2.975318,1.284797,6.119689,0.000000,21.402006,72.478305,15.969796,58.221571,4.260115,0.146512,0.000000,21.402006,20.356271,74.213475,5.430254,0.338104,0.225403,3.121830,7.517187,1.239716,3.527556,5.973177,3.876930,47.965739,0.033810,0.371915,0.011270,1.408768,0.000000,1.555280,1.014313,0.123972,0.146512,0.000000,0.146512,0.000000,21.402006,0.089973,v2_mac_smlal,mac,mac_accumulate
qconv_3x3_op_6,3x3,6,benchmarks/campplus/features/multi__speaker_0005__98.f32,v4_fixed_4x8_intrinsics,3719,17.138654,17.101068,17.411755,1.026494,15.541690,4.276801,49.222915,2.654566,1.372660,5.456608,0.000000,21.474759,73.068633,15.541690,58.910947,4.027226,0.045377,0.000000,21.474759,19.803411,75.065048,5.131541,0.317640,0.294952,2.858763,7.861600,0.896200,3.312535,5.411231,4.276801,48.859898,0.113443,0.249575,0.045377,1.179807,0.000000,1.429382,1.066364,0.079410,0.226886,0.000000,0.045377,0.000000,21.474759,0.119940,v2_mac_smlal,mac,mac_accumulate
qconv_3x3_op_6,3x3,6,benchmarks/campplus/features/multi__speaker_0006__98.f32,v4_fixed_4x8_intrinsics,3699,17.244773,17.244791,17.516388,1.325919,15.174833,4.198257,48.760892,2.591377,1.482404,5.918298,0.000000,21.873939,72.207763,15.174833,58.764287,4.073781,0.113161,0.000000,21.873939,19.451697,75.326371,5.221932,0.339482,0.237637,2.659274,7.638339,0.905285,3.394817,5.805137,4.198257,48.353514,0.067896,0.339482,0.011316,1.256082,0.000000,1.323979,1.075025,0.203689,0.203689,0.000000,0.113161,0.000000,21.873939,0.179982,v2_mac_smlal,mac,mac_accumulate
qconv_3x3_op_12,3x3,12,benchmarks/campplus/features/multi__speaker_0000__98.f32,v4_fixed_4x8_intrinsics,3691,17.142187,17.090807,17.682834,1.376489,15.049977,3.816447,49.420718,2.567015,1.328941,5.860972,0.000000,21.955929,72.183099,15.049977,59.007269,3.895956,0.090868,0.000000,21.955929,19.306426,75.695760,4.997814,0.261245,0.204453,2.816901,7.417083,0.976829,3.373467,5.770104,3.816447,48.966379,0.102226,0.352113,0.011358,1.203998,0.000000,1.351658,0.976829,0.159019,0.193094,0.000000,0.090868,0.000000,21.955929,0.089937,v2_mac_smlal,mac,mac_accumulate
qconv_3x3_op_12,3x3,12,benchmarks/campplus/features/multi__speaker_0005__98.f32,v4_fixed_4x8_intrinsics,3695,17.258583,17.202213,17.698307,1.225219,16.019417,4.097991,48.408219,2.664258,1.253105,5.768797,0.000000,21.788214,72.442989,16.019417,58.162113,3.917363,0.112892,0.000000,21.788214,20.511709,74.472391,5.015901,0.282231,0.316098,3.070671,7.846015,1.083766,3.420637,5.655904,4.097991,47.843757,0.112892,0.451569,0.033868,1.286972,0.000000,1.343418,0.869271,0.180628,0.203206,0.000000,0.112892,0.000000,21.788214,0.059982,v2_mac_smlal,mac,mac_accumulate
qconv_3x3_op_12,3x3,12,benchmarks/campplus/features/multi__speaker_0006__98.f32,v4_fixed_4x8_intrinsics,3739,17.252104,17.222526,17.761763,1.391342,15.327230,3.571832,48.920538,2.859726,1.277269,6.182887,0.000000,21.860518,71.956595,15.327230,58.539618,4.136996,0.135639,0.000000,21.860518,19.649326,75.047095,5.303579,0.316491,0.248672,2.916243,7.256697,0.938171,3.650955,6.047248,3.571832,48.468407,0.079123,0.373008,0.011303,1.277269,0.000000,1.571154,1.085114,0.090426,0.101729,0.000000,0.135639,0.000000,21.860518,0.029979,v2_mac_smlal,mac,mac_accumulate
qconv_3x3_op_17,3x3,17,benchmarks/campplus/features/multi__speaker_0000__98.f32,v4_fixed_4x8_intrinsics,1846,8.584438,8.538698,8.826714,1.423211,15.217391,3.238225,49.298007,2.943841,1.403986,5.434783,0.000000,22.463768,72.101449,15.217391,57.948370,4.347826,0.022645,0.000000,22.463768,19.631902,74.758983,5.609115,0.249094,0.181159,2.785326,6.906703,1.154891,3.940217,5.412138,3.238225,48.731884,0.090580,0.475543,0.022645,1.471920,0.000000,1.449275,0.951087,0.317029,0.135870,0.000000,0.022645,0.000000,22.463768,0.000000,v2_mac_smlal,mac,mac_accumulate
qconv_3x3_op_17,3x3,17,benchmarks/campplus/features/multi__speaker_0005__98.f32,v4_fixed_4x8_intrinsics,1845,8.592240,8.581120,8.795665,1.288342,14.924019,4.218644,49.852574,2.630982,1.134044,5.284645,0.000000,21.955092,72.760263,14.924019,59.265139,3.765026,0.090724,0.000000,21.955092,19.144603,76.025604,4.829793,0.226809,0.090724,3.129961,7.031073,1.111363,3.334089,5.193922,4.218644,49.330914,0.136085,0.385575,0.000000,0.975278,0.000000,1.655704,0.793831,0.136085,0.204128,0.000000,0.090724,0.000000,21.955092,0.120024,v2_mac_smlal,mac,mac_accumulate
qconv_3x3_op_17,3x3,17,benchmarks/campplus/features/multi__speaker_0006__98.f32,v4_fixed_4x8_intrinsics,1890,8.639255,8.608463,8.951575,2.075716,15.556559,3.770603,48.295326,2.573944,1.106345,7.067058,0.000000,21.630165,71.302777,15.556559,59.020095,3.680289,0.112892,0.000000,21.630165,19.878823,75.418350,4.702827,0.474148,0.225785,3.364191,7.202529,1.083766,3.206141,6.954166,3.770603,47.956649,0.022578,0.316098,0.045157,1.106345,0.000000,1.422443,0.722511,0.158049,0.225785,0.000000,0.112892,0.000000,21.630165,0.059982,v2_mac_smlal,mac,mac_accumulate
qconv_3x3_op_21,3x3,21,benchmarks/campplus/features/multi__speaker_0000__98.f32,v4_fixed_4x8_intrinsics,1722,8.939617,8.891276,9.076958,1.466434,15.403261,5.332746,50.066108,2.401939,0.969590,4.847951,0.000000,20.978405,74.173645,15.403261,60.180696,3.371529,0.066108,0.000000,20.978405,19.508792,76.221044,4.270165,0.176289,0.220361,3.195240,7.139709,1.145879,3.525782,4.781842,5.332746,49.382988,0.110181,0.572940,0.044072,1.234024,0.000000,1.123843,0.661084,0.198325,0.110181,0.000000,0.066108,0.000000,20.978405,0.240216,v2_mac_smlal,mac,mac_accumulate
qconv_3x3_op_21,3x3,21,benchmarks/campplus/features/multi__speaker_0005__98.f32,v4_fixed_4x8_intrinsics,1745,8.944211,8.887839,9.113581,1.387418,15.214994,5.027563,49.547960,2.447630,1.190739,4.983462,0.000000,21.587652,73.428886,15.214994,59.448732,3.638368,0.110254,0.000000,21.587652,19.431146,75.922275,4.646578,0.242558,0.242558,3.814774,6.372657,1.058434,3.484013,4.873208,5.027563,48.996692,0.088203,0.463065,0.000000,1.102536,0.000000,1.345094,0.970232,0.088203,0.132304,0.000000,0.110254,0.000000,21.587652,0.060012,v2_mac_smlal,mac,mac_accumulate
qconv_3x3_op_21,3x3,21,benchmarks/campplus/features/multi__speaker_0006__98.f32,v4_fixed_4x8_intrinsics,1747,8.906211,8.888594,9.003164,0.512327,15.724382,5.167845,49.072438,2.760601,1.347173,4.659894,0.000000,21.267668,74.072438,15.724382,58.833922,4.107774,0.066254,0.000000,21.267668,19.988770,74.789444,5.221786,0.198763,0.220848,3.202297,7.332155,1.258834,3.511484,4.593640,5.167845,48.454064,0.154594,0.463781,0.022085,1.082155,0.000000,1.656360,1.082155,0.110424,0.154594,0.000000,0.066254,0.000000,21.267668,0.060030,v2_mac_smlal,mac,mac_accumulate
qconv_1x1_op_825,1x1,825,benchmarks/campplus/features/multi__speaker_0000__98.f32,v4_fixed_4x8_intrinsics,2925,9.303193,9.276848,9.521007,1.025978,7.243771,3.698947,68.379142,1.464166,0.667865,8.682250,0.000000,9.863858,81.453892,7.243771,80.657591,2.132032,0.102749,0.000000,9.863858,8.045649,89.586305,2.368046,0.154123,0.000000,0.154123,2.080658,0.000000,4.854868,8.579502,3.698947,68.276394,0.077061,0.025687,0.231184,0.539430,0.000000,0.693553,0.282558,0.154123,0.231184,0.000000,0.102749,0.000000,9.863858,0.000000,v2_mac_smlal,mac,mac_accumulate
qconv_1x1_op_825,1x1,825,benchmarks/campplus/features/multi__speaker_0005__98.f32,v4_fixed_4x8_intrinsics,2932,9.317588,9.286093,9.539809,1.147043,6.968372,3.522756,69.066598,1.285678,0.437130,8.742607,0.000000,9.976858,81.280535,6.968372,81.229108,1.722808,0.102854,0.000000,9.976858,7.749500,90.334572,1.915928,0.077141,0.000000,0.128568,2.082798,0.051427,4.628439,8.639753,3.522756,68.963744,0.077141,0.025714,0.077141,0.488557,0.000000,0.719979,0.205708,0.128568,0.102854,0.000000,0.102854,0.000000,9.976858,0.060042,v2_mac_smlal,mac,mac_accumulate
qconv_1x1_op_825,1x1,825,benchmarks/campplus/features/multi__speaker_0006__98.f32,v4_fixed_4x8_intrinsics,2954,9.324362,9.271589,9.622753,1.359787,6.906290,3.568678,69.499358,1.412067,0.436457,8.292683,0.000000,9.884467,81.822850,6.906290,81.309371,1.848524,0.051348,0.000000,9.884467,7.668187,90.279361,2.052452,0.179718,0.000000,0.128370,1.848524,0.000000,4.749679,8.241335,3.568678,69.370988,0.051348,0.077022,0.256739,0.487805,0.000000,0.667522,0.256739,0.025674,0.154044,0.000000,0.051348,0.000000,9.884467,0.100030,v2_mac_smlal,mac,mac_accumulate
qconv_1x1_op_582,1x1,582,benchmarks/campplus/features/multi__speaker_0000__98.f32,v4_fixed_4x8_intrinsics,2925,9.235828,9.193490,9.465125,1.206164,7.382550,3.613836,69.204956,1.290656,0.593702,8.673206,0.000000,9.241094,82.085700,7.382550,81.466185,1.884357,0.025813,0.000000,9.241094,8.136558,89.786629,2.076814,0.077439,0.000000,0.180692,2.478059,0.051626,4.594734,8.647393,3.613836,69.050077,0.077439,0.077439,0.154879,0.619515,0.000000,0.516262,0.309757,0.129066,0.154879,0.000000,0.025813,0.000000,9.241094,0.030009,v2_mac_smlal,mac,mac_accumulate
qconv_1x1_op_582,1x1,582,benchmarks/campplus/features/multi__speaker_0005__98.f32,v4_fixed_4x8_intrinsics,2923,9.268661,9.216927,9.572178,1.335852,7.232947,3.886744,68.288288,1.492921,0.489060,8.700129,0.000000,9.909910,81.389961,7.232947,80.746461,1.981982,0.128700,0.000000,9.909910,8.040057,89.756795,2.203147,0.051480,0.025740,0.128700,2.265122,0.000000,4.761905,8.571429,3.886744,68.133848,0.102960,0.051480,0.128700,0.617761,0.000000,0.746461,0.205920,0.154440,0.128700,0.000000,0.128700,0.000000,9.909910,0.030009,v2_mac_smlal,mac,mac_accumulate
qconv_1x1_op_582,1x1,582,benchmarks/campplus/features/multi__speaker_0006__98.f32,v4_fixed_4x8_intrinsics,2939,9.254638,9.209479,9.493818,1.446212,7.207207,3.371943,69.575290,1.003861,0.411840,8.133848,0.000000,10.296010,81.570142,7.207207,80.978121,1.415701,0.102960,0.000000,10.296010,8.043666,90.376329,1.580006,0.025740,0.025740,0.154440,2.084942,0.000000,4.916345,8.030888,3.371943,69.472329,0.051480,0.051480,0.205920,0.411840,0.000000,0.386100,0.180180,0.154440,0.077220,0.000000,0.102960,0.000000,10.296010,0.030009,v2_mac_smlal,mac,mac_accumulate
qconv_1x1_op_219,1x1,219,benchmarks/campplus/features/multi__speaker_0000__98.f32,v4_fixed_4x8_intrinsics,729,2.351974,2.338646,2.405591,1.428722,7.985144,3.064067,58.867224,1.671309,0.742804,11.049211,0.000000,16.620241,72.330548,7.985144,72.980501,2.414113,0.000000,0.000000,16.620241,9.576837,87.527840,2.895323,0.278552,0.092851,0.371402,2.692665,0.000000,4.549675,11.049211,3.064067,58.774373,0.000000,0.092851,0.185701,0.928505,0.000000,0.557103,0.278552,0.092851,0.371402,0.000000,0.000000,0.000000,16.620241,0.000000,v2_mac_smlal,mac,mac_accumulate
qconv_1x1_op_219,1x1,219,benchmarks/campplus/features/multi__speaker_0005__98.f32,v4_fixed_4x8_intrinsics,718,2.337076,2.324844,2.367783,1.664684,6.424581,4.283054,59.683426,2.886406,0.465549,9.310987,0.000000,16.945996,73.743017,6.424581,73.277467,3.351955,0.000000,0.000000,16.945996,7.735426,88.228700,4.035874,0.093110,0.000000,0.372439,2.700186,0.093110,3.165736,9.310987,4.283054,59.497207,0.000000,0.186220,0.465549,1.024209,0.000000,1.396648,0.279330,0.093110,0.093110,0.000000,0.000000,0.000000,16.945996,0.000000,v2_mac_smlal,mac,mac_accumulate
qconv_1x1_op_219,1x1,219,benchmarks/campplus/features/multi__speaker_0006__98.f32,v4_fixed_4x8_intrinsics,726,2.392075,2.328203,2.613614,5.771823,9.048938,3.601108,60.387812,2.031394,0.923361,9.141274,0.000000,14.866113,75.992613,9.048938,72.945522,2.954755,0.184672,0.000000,14.866113,10.652174,85.869565,3.478261,0.184672,0.092336,0.461681,4.339797,0.092336,3.878116,8.956602,3.601108,60.387812,0.000000,0.000000,0.277008,1.292705,0.000000,0.461681,0.277008,0.277008,0.369344,0.000000,0.184672,0.000000,14.866113,0.000000,v2_mac_smlal,mac,mac_accumulate
qconv_1x1_op_567,1x1,567,benchmarks/campplus/features/multi__speaker_0000__98.f32,v4_fixed_4x8_intrinsics,699,2.227651,2.196614,2.357064,4.381739,7.609861,3.322615,68.381565,1.500536,0.321543,8.788853,0.000000,10.075027,81.136120,7.609861,80.278671,1.822079,0.214362,0.000000,10.075027,8.482676,89.486260,2.031063,0.107181,0.000000,0.000000,2.143623,0.000000,5.359057,8.574491,3.322615,68.274384,0.000000,0.107181,0.000000,0.643087,0.000000,0.857449,0.107181,0.107181,0.107181,0.000000,0.214362,0.000000,10.075027,0.000000,v2_mac_smlal,mac,mac_accumulate
qconv_1x1_op_567,1x1,567,benchmarks/campplus/features/multi__speaker_0005__98.f32,v4_fixed_4x8_intrinsics,688,2.180773,2.171224,2.265568,1.746145,8.577633,3.800217,68.078176,1.194354,0.434311,9.011944,0.000000,8.903366,82.084691,8.577633,80.890337,1.628664,0.000000,0.000000,8.903366,9.415971,88.796186,1.787843,0.108578,0.000000,0.000000,2.823018,0.000000,5.646037,9.011944,3.800217,67.969598,0.000000,0.108578,0.000000,0.651466,0.000000,0.542888,0.000000,0.217155,0.217155,0.000000,0.000000,0.000000,8.903366,0.000000,v2_mac_smlal,mac,mac_accumulate
qconv_1x1_op_567,1x1,567,benchmarks/campplus/features/multi__speaker_0006__98.f32,v4_fixed_4x8_intrinsics,686,2.200964,2.171588,2.342276,3.679026,6.399132,3.579176,69.305857,1.843818,0.542299,8.459870,0.000000,9.869848,81.670282,6.399132,81.344902,2.386117,0.000000,0.000000,9.869848,7.099880,90.252708,2.647413,0.325380,0.000000,0.108460,2.386117,0.000000,3.579176,8.459870,3.579176,69.197397,0.000000,0.108460,0.433839,0.433839,0.000000,0.976139,0.108460,0.216920,0.216920,0.000000,0.000000,0.000000,9.869848,0.000000,v2_mac_smlal,mac,mac_accumulate
qconv_1x1_op_810,1x1,810,benchmarks/campplus/features/multi__speaker_0000__98.f32,v4_fixed_4x8_intrinsics,688,2.193557,2.175182,2.279648,2.740187,5.978261,4.456522,68.695652,1.521739,0.326087,8.913043,0.000000,10.108696,80.978261,5.978261,81.956522,1.847826,0.108696,0.000000,10.108696,6.658596,91.283293,2.058111,0.217391,0.000000,0.108696,2.173913,0.000000,3.478261,8.804348,4.456522,68.586957,0.108696,0.000000,0.000000,0.760870,0.000000,0.760870,0.108696,0.000000,0.217391,0.000000,0.108696,0.000000,10.108696,0.150000,v2_mac_smlal,mac,mac_accumulate
qconv_1x1_op_810,1x1,810,benchmarks/campplus/features/multi__speaker_0005__98.f32,v4_fixed_4x8_intrinsics,691,2.202128,2.191380,2.274961,2.001593,7.974138,3.987069,67.133621,1.724138,0.107759,9.051724,0.000000,10.021552,80.926724,7.974138,80.064655,1.831897,0.107759,0.000000,10.021552,8.872902,89.088729,2.038369,0.107759,0.000000,0.107759,2.693966,0.000000,5.064655,8.943966,3.987069,66.918103,0.000000,0.215517,0.107759,0.646552,0.000000,0.969828,0.000000,0.000000,0.107759,0.000000,0.107759,0.000000,10.021552,0.000000,v2_mac_smlal,mac,mac_accumulate
qconv_1x1_op_810,1x1,810,benchmarks/campplus/features/multi__speaker_0006__98.f32,v4_fixed_4x8_intrinsics,697,2.194065,2.178177,2.294680,2.116323,8.234020,3.250271,68.580715,1.625135,0.216685,8.234020,0.000000,9.859155,81.906826,8.234020,80.065005,1.841820,0.000000,0.000000,9.859155,9.134615,88.822115,2.043269,0.108342,0.000000,0.216685,1.841820,0.000000,6.067172,8.234020,3.250271,68.472373,0.000000,0.108342,0.108342,0.541712,0.000000,0.975081,0.108342,0.108342,0.000000,0.000000,0.000000,0.000000,9.859155,0.000000,v2_mac_smlal,mac,mac_accumulate
