mode,operator_id,weight_shape,baseline_mean_ms,candidate_mean_ms,speedup_ratio,baseline_p50_ms,candidate_p50_ms,p50_speedup_ratio,baseline_p95_ms,candidate_p95_ms,p95_speedup_ratio,bitwise_output_hashes
combined_fixed,0,32x1x3x3,766.1286976666667,753.1062488,1.0172916489372072,766.160468,751.2719005,1.0198178149483443,770.7522968000001,761.8964454,1.0116234318370534,True
combined_fixed,10,32x32x3x3,4376.152689,222.28656586666665,19.686986804343956,4375.968227,221.71598999999998,19.73681838193087,4378.0859927,225.48894475,19.415967366178382,True
combined_fixed,25,32x32x3x3,2166.5068743333336,114.7554601,18.879335871647417,2166.206562,114.62679700000001,18.897907109800858,2167.568937,117.76834149999999,18.405361826378442,True
combined_fixed,31,32x32x3x3,1131.7753643333333,60.96304166666666,18.56494251913557,1131.871094,61.0497655,18.540138274568804,1132.549703,61.4635799,18.426354352327596,True
combined_fixed,35,128x320x5,1092.112517,36.07878903333334,30.270209900642534,1092.547135,35.7008855,30.602802134977857,1095.9343696,38.407529450000006,28.534362540207592,True
combined_fixed,42,32x128x3,69.23298633333333,2.8462535333333334,24.324251343924548,69.380209,2.838411,24.443327270081745,69.52809880000001,2.9376348,23.66805390513484,True
combined_fixed,50,64x128x1,49.93387166666667,2.7595729,18.094782589967696,49.391511,2.6636195000000003,18.543005485580803,51.3757293,3.1946092999999998,16.08200705482201,True
combined_fixed,58,32x128x3,68.90689233333333,2.8334097166666665,24.319424023998224,69.001719,2.839818,24.297937050895513,69.03289050000001,2.8585671500000003,24.14947310228483,True
combined_fixed,66,64x128x1,49.37979166666667,2.6615217,18.55321775759584,49.51052,2.6652605,18.576240483810118,49.602724099999996,2.7049925,18.337471952325192,True
combined_fixed,74,32x128x3,69.12276033333333,2.8358722666666667,24.374426572668387,69.107865,2.8380989999999997,24.35005438499503,69.39534839999999,2.8711793,24.169632457297247,True
combined_fixed,82,64x128x1,48.97581566666667,2.6617777833333336,18.399663553181533,49.149479,2.661745,18.46513433856361,49.152854,2.7587865499999995,17.81683834872981,True
combined_fixed,90,32x128x3,70.018264,2.8683176500000003,24.41091697078948,69.162083,2.8424475,24.331877017957233,71.52716149999999,3.12903645,22.859165319087282,True
combined_fixed,98,64x128x1,49.41772566666666,2.7486553666666667,17.97887296674673,49.453802,2.633698,18.777324507213812,49.5422549,3.22406795,15.366380506961711,True
combined_fixed,106,32x128x3,69.15203066666668,2.8389939666666666,24.35793505678344,69.158906,2.841875,24.33566078733231,69.33018679999999,2.8695341,24.16078164047606,True
combined_fixed,114,64x128x1,49.507743000000005,2.679601566666667,18.47578521219703,49.732031,2.6704689999999998,18.62295761531027,49.78092170000001,2.7317965,18.222778197424297,True
combined_fixed,122,32x128x3,69.31517366666667,2.8393567166666664,24.412280873267992,69.418959,2.844141,24.40770657994804,69.4445523,2.8582788,24.295933727668555,True
combined_fixed,130,64x128x1,49.348125,2.6553012333333332,18.58475580115286,49.34026,2.660625,18.544612638007987,49.3711984,2.69097955,18.346924412710603,True
combined_fixed,138,32x128x3,70.41295133333334,2.8537300500000002,24.6740056346021,70.609531,2.8452085,24.816997067174515,71.2103755,2.9240808,24.353080633065954,True
combined_fixed,146,64x128x1,49.036719000000005,2.6791223333333334,18.303277304619787,49.152031,2.6593229999999997,18.482911252224724,49.304563,2.75699495,17.883443348345633,True
combined_fixed,154,32x128x3,69.25833366666667,2.84140015,24.3747202120288,69.197084,2.8467445,24.30744452127685,69.5034584,2.8747602499999996,24.17713212780092,True
combined_fixed,162,64x128x1,49.373385000000006,2.6618949166666668,18.54820965728706,49.43927,2.6650255,18.55114331926655,49.447426699999994,2.698487,18.324130040278124,True
combined_fixed,170,32x128x3,69.36274300000001,2.8371745166666664,24.447823915143847,69.239531,2.8413545,24.368494321986223,69.8196566,2.86373375,24.38063824892939,True
combined_fixed,178,64x128x1,49.69454833333333,2.6793967166666666,18.5469169325386,49.230833,2.667917,18.4529102666987,50.5015205,2.7315182999999994,18.48844303916983,True
combined_fixed,186,32x128x3,69.78003466666667,2.8411275166666665,24.560683833204227,68.977552,2.843099,24.261396455065405,71.2493491,2.87200605,24.808216925587605,True
combined_fixed,194,64x128x1,49.62399266666667,2.6780643166666667,18.52979868998541,49.70927,2.670729,18.612622246585108,49.7684738,2.70777905,18.37981344895921,True
combined_fixed,202,32x128x3,68.60758700000001,2.8557881333333333,24.024046531743185,68.653698,2.8481509999999997,24.10465526581983,68.7632451,2.9434352499999994,23.361562004803748,True
combined_fixed,210,64x128x1,49.046771,2.672126683333333,18.354957235342155,49.08073,2.6608335,18.44562239614016,49.34829189999999,2.8732683,17.17496827567408,True
combined_fixed,218,32x128x3,70.207656,2.8434045333333335,24.69140608624384,70.359791,2.843333,24.745533147190287,70.9619945,2.8761642,24.67244203234294,True
combined_fixed,226,64x128x1,49.747951666666665,2.6559748833333336,18.73058061612066,49.279532,2.6368229999999997,18.68897988222949,50.7522497,2.7030287,18.776067638497512,True
combined_fixed,237,32x128x3,68.98756966666667,2.8433134666666664,24.263089692865854,68.851615,2.8406510000000003,24.237970451139542,69.2517397,2.895013,23.921046192193266,True
combined_fixed,245,64x128x1,48.993628333333334,2.667780366666667,18.364940737062923,48.975416,2.6628905,18.39182497365175,49.2214166,2.6988049500000004,18.238226738097538,True
combined_fixed,253,32x128x3,71.45199633333333,2.83726135,25.183438365074593,71.42625,2.8405205000000002,25.145479499267825,71.660484,2.8574927500000005,25.07809827339019,True
combined_fixed,261,64x128x1,49.26803833333333,2.6612005666666665,18.51346304012135,49.267865,2.659714,18.523745410220798,49.3829894,2.7016901499999997,18.278554037738193,True
combined_fixed,269,32x128x3,68.82619799999999,2.8482786,24.16413829742638,68.775677,2.8458069999999998,24.167372207602273,69.161084,2.9246801499999995,23.647400896128765,True
combined_fixed,277,64x128x1,49.526510333333334,2.637093716666667,18.78071682485965,49.660677,2.624323,18.92323353489643,49.6879578,2.6700836500000005,18.609139005813542,True
combined_fixed,285,32x128x3,69.544618,2.8484185,24.41516862778415,69.455625,2.841641,24.4420829372887,70.4902497,2.9612922999999998,23.80388106233215,True
combined_fixed,293,64x128x1,49.294375,2.6620209333333333,18.517651150952634,49.346928,2.662005,18.537503873959665,49.4184582,2.69408585,18.343312333569475,True
combined_fixed,301,32x128x3,69.34392366666667,2.85991225,24.24687109426755,69.466458,2.8362235,24.49258952970385,69.56930190000001,3.07702805,22.609251774614147,True
combined_fixed,309,64x128x1,50.486423333333335,2.6917986333333332,18.755646394995942,50.845989,2.6646875000000003,19.081407857394158,51.7173951,2.85546565,18.11172027231355,True
combined_fixed,317,32x128x3,69.22819466666667,2.8453220833333335,24.3305301259831,69.160938,2.840833,24.34530224057521,69.4218444,2.88243765,24.084421878128047,True
combined_fixed,325,64x128x1,49.42658,2.650282916666667,18.649548578068472,49.3375,2.653698,18.591979946474694,49.671203799999994,2.6790707,18.540460242426597,True
combined_fixed,333,32x128x3,71.26795133333333,2.8384627,25.107940059713776,70.350938,2.8369790000000004,24.79783530297545,74.36085920000001,2.8718647499999994,25.89288343053064,True
combined_fixed,341,64x128x1,49.57614566666666,2.7647308833333333,17.93163521467035,49.221875,2.7323174999999997,18.014698145438807,50.4673436,2.97890065,16.941600116808193,True
combined_fixed,349,32x128x3,69.00848966666666,2.8337396166666666,24.352445531972158,69.026719,2.8365625000000003,24.334637082736585,69.29985909999999,2.8678889,24.1640668507068,True
combined_fixed,357,64x128x1,49.370486,2.6726458833333333,18.472513065750768,49.379583,2.663255,18.541064599522013,49.8917865,2.69338805,18.523801833902102,True
combined_fixed,365,32x128x3,69.088993,2.834341983333333,24.37567287443125,69.03349,2.837005,24.333228175487882,69.30386440000001,2.8683262999999997,24.161778386231727,True
combined_fixed,373,64x128x1,49.159201333333336,2.6585834166666666,18.490750008126195,49.083125,2.661094,18.444716721769318,49.65424970000001,2.6888047000000004,18.4670347013303,True
combined_fixed,381,32x128x3,69.22449633333333,2.8569375166666666,24.230315129223076,69.249532,2.844219,24.347468320829023,69.25046800000001,3.06366385,22.603807529341058,True
combined_fixed,389,64x128x1,49.43951366666667,2.6559470166666665,18.614646058984825,49.375781,2.6602085,18.560868819116997,49.812515899999994,2.7053642499999997,18.41249876056431,True
combined_fixed,397,32x128x3,69.24446233333333,2.8402691333333334,24.379542600622564,69.254896,2.8409895,24.377033424445955,69.4756777,2.9089843999999996,23.883138630788125,True
combined_fixed,405,64x128x1,49.57852433333333,2.6602248166666667,18.63696783171001,49.455521,2.658672,18.60158793563102,50.0657399,2.7113587499999996,18.465184623761058,True
combined_fixed,413,32x128x3,70.23380233333333,2.8992803499999997,24.224563979586637,69.04323,2.8503119999999997,24.22304295108746,72.2806974,3.0886643,23.40192729912409,True
combined_fixed,421,64x128x1,49.13583333333333,2.6630876666666667,18.450700646605323,49.273125,2.6569265,18.54515922815328,49.354406700000006,2.7842054999999997,17.726567489360974,True
combined_fixed,429,32x128x3,69.03906233333333,2.8410174666666665,24.300822907060855,68.948229,2.8404425,24.273763330889466,69.4333389,2.8667108500000005,24.220558868014187,True
combined_fixed,437,64x128x1,49.077396,2.67338545,18.357770294590328,49.10026,2.6645835,18.426992436153718,49.1113705,2.7067989999999997,18.14370793693954,True
combined_fixed,445,32x128x3,69.07663233333334,2.98019875,23.178532080564537,69.136355,2.9958074999999997,23.077702756268554,69.3099326,3.1825078,21.77840148577169,True
combined_fixed,453,64x128x1,49.05631966666667,2.6699826166666667,18.373273054455655,49.076875,2.663984,18.422361020186308,49.11901569999999,2.6954616000000002,18.222858637644844,True
combined_fixed,461,32x128x3,68.99421866666667,2.8299436,24.380068446122625,69.121666,2.835287,24.379072030450534,69.1407919,2.8560129999999995,24.208850554951958,True
combined_fixed,469,64x128x1,49.30527766666666,2.65383855,18.578853512647427,49.408802,2.6615365,18.564014433016418,49.884067699999996,2.68129435,18.604472761448214,True
combined_fixed,477,32x128x3,69.108837,2.88039155,23.992862012110816,69.081407,2.8435680000000003,24.293917711832457,69.3900782,3.2590519,21.291492228153842,True
combined_fixed,485,64x128x1,49.714288,2.6744332,18.5887192845198,49.756146,2.658125,18.71851248530449,49.847832600000004,2.8997679499999998,17.19028331215262,True
combined_fixed,493,32x128x3,69.38185800000001,2.843004233333333,24.40441599999025,68.842709,2.8396869999999996,24.24306235159016,70.4453183,2.90574485,24.243463186384034,True
combined_fixed,501,64x128x1,48.98269066666666,2.6645278,18.383253748250127,48.915989,2.6629685,18.368970192475054,49.158098900000006,2.6888491999999995,18.28220745886382,True
combined_fixed,509,32x128x3,69.27949666666666,2.9035859333333334,23.8599780606918,69.279636,2.8495049999999997,24.312866971631916,69.5634636,3.0671672,22.680036354066385,True
combined_fixed,517,64x128x1,49.898889,2.6735538,18.66388063707564,49.389479,2.66401,18.539524626409058,50.904386,2.7377290499999996,18.593653743784472,True
combined_fixed,525,32x128x3,69.80017366666667,2.8408377666666667,24.570277995342053,69.266303,2.842057,24.371890852294655,71.3567861,2.8858905999999998,24.726088404044145,True
combined_fixed,533,64x128x1,48.98571166666667,2.6703698166666663,18.34416767330523,49.035104,2.6640885,18.405959111343336,49.0936976,2.7028381999999995,18.16375749018199,True
combined_fixed,541,32x128x3,68.92401066666667,2.921028683333333,23.595800705391913,69.091406,2.8776825,24.00939158506889,69.1106255,3.0568747999999997,22.60826171225593,True
combined_fixed,549,64x128x1,49.075156,2.6540260833333336,18.490834098496833,49.229791,2.65612,18.534475475505623,49.407729100000005,2.68540455,18.398616737280797,True
combined_fixed,557,32x128x3,68.86217,2.8363820166666667,24.27817183840675,68.848698,2.83888,24.252063489826973,68.9891349,2.86984405,24.039332346299442,True
combined_fixed,565,64x128x1,49.30897566666667,2.6665156333333333,18.491913210734474,49.41375,2.6600525,18.576231108220608,49.45326540000001,2.7101355999999996,18.247524367415423,True
combined_fixed,573,32x128x3,69.04447900000001,2.8441535333333334,24.27593243149579,69.004844,2.8417190000000003,24.28278235814308,69.212078,2.906812,23.810304209560165,True
combined_fixed,581,64x128x1,49.20413233333333,2.6571466999999998,18.51765743055637,49.153855,2.6615885,18.467864209662764,49.689213699999996,2.68477045,18.507807138595407,True
combined_fixed,589,32x128x3,69.56302099999999,2.8414868666666666,24.48120447644511,69.601041,2.8381765000000003,24.523154567730366,70.40921399999999,2.87013815,24.531646325108078,True
combined_fixed,597,64x128x1,49.42119766666667,2.633708316666667,18.764871323798012,49.551718,2.6223175,18.89615502318083,49.790875,2.6790547499999997,18.585239812661538,True
combined_fixed,605,32x128x3,69.25777766666666,2.8353281666666663,24.426723679075597,69.199114,2.8356775,24.403026789894124,69.470896,2.86291975,24.265750375992898,True
combined_fixed,613,64x128x1,49.437464999999996,2.6600746,18.584991939699734,49.174896,2.657813,18.502015002560373,49.9290672,2.699708099999999,18.49424654465422,True
combined_fixed,624,32x128x3,68.934566,2.8953445333333336,23.8087609976549,69.017448,2.846094,24.249883524577896,69.02780700000001,3.1421870999999997,21.968076630446358,True
combined_fixed,632,64x128x1,49.40185766666667,2.6622986333333336,18.556091735213425,49.228125,2.6632035,18.484552532316815,49.97235930000001,2.6934428,18.553339725647785,True
combined_fixed,640,32x128x3,69.157743,2.856565916666667,24.210098775070566,69.196146,2.8418745,24.34876909589076,69.6278175,2.9524400999999996,23.583143143191972,True
combined_fixed,648,64x128x1,50.04102366666667,2.6698499,18.74301010954461,49.203593,2.6604685000000003,18.494333986664376,51.589718,2.6872261,19.19813074158516,True
combined_fixed,656,32x128x3,69.17309033333333,2.8357648333333336,24.39309829934769,69.030677,2.8390364999999997,24.314825469838095,69.4478648,2.87085905,24.190621549323367,True
combined_fixed,664,64x128x1,49.66899333333333,2.6622681666666663,18.65664547066352,49.263334,2.6623175000000003,18.50392900170622,50.3653174,2.68215845,18.77790530980748,True
combined_fixed,672,32x128x3,69.11397533333333,2.9445364333333335,23.471937569165526,69.080833,2.9635935,23.30982066197675,69.2993638,3.1066453499999995,22.306815227557276,True
combined_fixed,680,64x128x1,49.32434033333334,2.7028151166666663,18.249246879366343,49.378698,2.6628905,18.543270179528598,49.392760499999994,2.9162319,16.937185448111993,True
combined_fixed,688,32x128x3,68.894201,2.8411025666666663,24.249107303729044,68.892656,2.843099,24.23153608087513,68.99174959999999,2.87947175,23.959863332571327,True
combined_fixed,696,64x128x1,49.17015633333333,2.65934205,18.489594572211324,49.171406,2.6648695,18.451712551027356,49.184438,2.70436235,18.187073932603745,True
combined_fixed,704,32x128x3,70.091337,2.8378237833333335,24.698974408365157,68.931823,2.8340365,24.322842348713575,72.2143858,2.8679734000000003,25.179587021274322,True
combined_fixed,712,64x128x1,49.408680333333336,2.66042445,18.57172840722214,49.365364,2.6584890000000003,18.568955523231427,49.582676199999995,2.70355155,18.339830139358725,True
combined_fixed,720,32x128x3,69.43798600000001,2.8381135666666664,24.466246458754,69.631718,2.8385935,24.530359137368563,69.6634061,2.8715519,24.25984573010852,True
combined_fixed,728,64x128x1,49.37788166666667,2.6564123666666664,18.588183930429178,49.325156,2.6570834999999997,18.563645440574227,49.6180313,2.6771205,18.53410457243146,True
combined_fixed,736,32x128x3,70.025729,2.831316016666667,24.73257262269222,69.53,2.8360155000000002,24.516791251669815,70.9928744,2.85656575,24.852525939583224,True
combined_fixed,744,64x128x1,48.940416666666664,2.65703725,18.41916844284613,48.988437,2.646927,18.507664548361177,49.02017190000001,2.7150835499999997,18.054756326006988,True
combined_fixed,752,32x128x3,69.128837,2.856558966666667,24.200038510203342,68.866093,2.8397395000000003,24.250848713411916,69.7883131,3.0397445500000004,22.958611143821276,True
combined_fixed,760,64x128x1,49.120347333333335,2.6592239333333336,18.471685185143865,49.046198,2.640104,18.57737346710584,49.273823300000004,2.8184945499999996,17.48231987888712,True
combined_fixed,768,32x128x3,69.51967033333334,2.83620835,24.511482145990204,69.662084,2.839583,24.532504948790013,69.733193,2.8684373499999998,24.31051631648849,True
combined_fixed,776,64x128x1,48.91152766666667,2.6410860166666668,18.51947545744771,48.952083,2.6285415,18.623287096665585,49.01967750000001,2.6723024,18.34361167358904,True
combined_fixed,784,32x128x3,72.13303833333333,2.8377396333333333,25.419188387132863,72.060781,2.8403905,25.370026058036743,74.1950473,2.86904745,25.860515935349902,True
combined_fixed,792,64x128x1,49.30137133333333,2.663164983333333,18.512323360314532,49.353281,2.6575784999999996,18.570770722294753,49.3996409,2.7259631499999997,18.121903408708956,True
combined_fixed,800,32x128x3,68.708611,2.993308116666667,22.95407232467387,68.790312,2.9813799999999997,23.073312358706374,68.904594,3.1837530999999997,21.64256832604262,True
combined_fixed,808,64x128x1,49.28772566666667,2.7059833666666666,18.2143490879551,49.342813,2.6639585,18.52236549480782,49.41982779999999,2.93626285,16.830859607817466,True
combined_fixed,816,32x128x3,68.951458,2.8516128333333333,24.179810524769113,68.931146,2.8427084999999996,24.248404646484158,68.9922236,2.9102159,23.706909030357508,True
combined_fixed,824,64x128x1,48.98784733333333,2.664036483333333,18.388579750994275,49.089427,2.660625,18.45033666901574,49.243224399999995,2.76849465,17.787003633906245,True
combined_fixed,832,32x128x3,69.544844,2.831925333333333,24.557442663271726,69.007552,2.8383849999999997,24.312259260107425,70.5945994,2.8651595000000003,24.63897713198864,True
combined_fixed,840,64x128x1,49.20848966666667,2.6864912833333334,18.317010731413937,49.179583,2.6651565,18.45279367271678,49.4449903,2.904862,17.021459298238607,True
combined_fixed,848,32x128x3,70.474149,2.853827266666667,24.694609173846516,70.328021,2.833151,24.823251919858844,71.57002010000001,3.0037812999999995,23.82664147353205,True
combined_fixed,856,64x128x1,49.317378,2.6508169833333333,18.60459560583646,49.391614,2.6500779999999997,18.637796321466766,49.4393797,2.6799534499999997,18.44785016694973,True
combined_fixed,864,32x128x3,68.46972233333334,2.8567447666666665,23.96774228214508,68.490781,2.8405735,24.111603167458963,68.591797,2.9672139499999997,23.116565962491517,True
combined_fixed,872,64x128x1,49.067743,2.6547621,18.482915286458248,48.930677,2.6459894999999998,18.492392732473053,49.347536299999994,2.71196625,18.196220657244535,True
combined_fixed,881,192x1024x1,3.359722,0.4022742166666667,8.351820377252615,3.363073,0.4017445,8.37117371861967,3.3631197999999998,0.4149604,8.104676494431757,True
combined_hybrid,0,32x1x3x3,766.1286976666667,752.5724528,1.0180132089823772,766.160468,750.841354,1.0204025975905424,770.7522968000001,760.16633815,1.0139258450667032,True
combined_hybrid,10,32x32x3x3,4376.152689,158.12351206666665,27.675534345296885,4375.968227,157.833177,27.72527494013505,4378.0859927,159.97539605,27.367245844052405,True
combined_hybrid,25,32x32x3x3,2166.5068743333336,83.69405293333332,25.88603130570184,2166.206562,83.797031,25.850636187814334,2167.568937,84.99556065,25.50214294045015,True
combined_hybrid,31,32x32x3x3,1131.7753643333333,45.23893831666667,25.017726022017875,1131.871094,45.3192185,24.975521014335236,1132.549703,46.3519265,24.433713731402296,True
combined_hybrid,35,128x320x5,1092.112517,36.29950255000001,30.08615656635217,1092.547135,35.898724,30.434149553616447,1095.9343696,39.075745049999995,28.04641007350416,True
combined_hybrid,42,32x128x3,69.23298633333333,2.843836,24.34492929034351,69.380209,2.83974,24.431887778458588,69.52809880000001,2.8969767,24.00022713334215,True
combined_hybrid,50,64x128x1,49.93387166666667,2.2149869499999997,22.54364147231959,49.391511,2.108203,23.428251928301023,51.3757293,2.540035749999999,20.226380396417657,True
combined_hybrid,58,32x128x3,68.90689233333333,2.8335138666666664,24.31853012753917,69.001719,2.836823,24.323589804510185,69.03289050000001,2.8559816500000004,24.171335449581758,True
combined_hybrid,66,64x128x1,49.37979166666667,2.0906814333333332,23.618993730640586,49.51052,2.0894535000000003,23.695439979879904,49.602724099999996,2.1271692,23.318654717264614,True
combined_hybrid,74,32x128x3,69.12276033333333,2.84905125,24.26167670143994,69.107865,2.8395835,24.33732447029644,69.39534839999999,2.91148445,23.835040025716086,True
combined_hybrid,82,64x128x1,48.97581566666667,2.09554345,23.37141502203959,49.149479,2.092448,23.488984672498432,49.152854,2.1719161999999996,22.631100592186755,True
combined_hybrid,90,32x128x3,70.018264,2.8440155666666667,24.619508001520902,69.162083,2.8476295,24.287598860736622,71.52716149999999,2.87354365,24.891621708965513,True
combined_hybrid,98,64x128x1,49.41772566666666,2.199048566666667,22.472321173685764,49.453802,2.1880205,22.602074340711162,49.5422549,2.39252395,20.7071092851547,True
combined_hybrid,106,32x128x3,69.15203066666668,2.8569946666666666,24.204466138310377,69.158906,2.8436459999999997,24.32050473230494,69.33018679999999,2.9310026000000002,23.654085738443218,True
combined_hybrid,114,64x128x1,49.507743000000005,2.0934133,23.649292282608506,49.732031,2.0946610000000003,23.7422814479288,49.78092170000001,2.1518623,23.133878826726047,True
combined_hybrid,122,32x128x3,69.31517366666667,2.8448377166666665,24.365247008846662,69.418959,2.8453125,24.397657199341023,69.4445523,2.87626335,24.14401737587763,True
combined_hybrid,130,64x128x1,49.348125,2.0851397,23.666579750028262,49.34026,2.0986195,23.5108174683405,49.3711984,2.1178774000000002,23.311641363187498,True
combined_hybrid,138,32x128x3,70.41295133333334,2.85429775,24.669098146236962,70.609531,2.8467705,24.803380181156157,71.2103755,3.03378395,23.4724610168763,True
combined_hybrid,146,64x128x1,49.036719000000005,2.0944011000000002,23.413241618331845,49.152031,2.096719,23.44235493645071,49.304563,2.1332837999999996,23.11205053917346,True
combined_hybrid,154,32x128x3,69.25833366666667,2.87483155,24.09126672714673,69.197084,2.850338,24.276799453257826,69.5034584,3.0679585,22.654627955365108,True
combined_hybrid,162,64x128x1,49.373385000000006,2.1142951333333335,23.352172656311907,49.43927,2.0955205,23.59283528841641,49.447426699999994,2.2210733499999997,22.26285174237942,True
combined_hybrid,170,32x128x3,69.36274300000001,2.85098165,24.32942456855168,69.239531,2.8441665,24.344401426569085,69.8196566,2.9314817000000004,23.81718998962197,True
combined_hybrid,178,64x128x1,49.69454833333333,2.10701825,23.5852481739697,49.230833,2.0991665,23.452562243156986,50.5015205,2.1815803999999996,23.149053090135943,True
combined_hybrid,186,32x128x3,69.78003466666667,2.8557326,24.435073041035658,68.977552,2.842709,24.26472495074241,71.2493491,2.96723435,24.01203972985821,True
combined_hybrid,194,64x128x1,49.62399266666667,2.0841233,23.81048792394705,49.70927,2.0957815,23.71872735778992,49.7684738,2.1224290999999997,23.448827477911987,True
combined_hybrid,202,32x128x3,68.60758700000001,2.8441371166666665,24.122461114114014,68.653698,2.843464,24.14438797185405,68.7632451,2.87210435,23.941764198087025,True
combined_hybrid,210,64x128x1,49.046771,2.0967838166666666,23.391429583795354,49.08073,2.096276,23.413295768305318,49.34829189999999,2.14927925,22.960390977580037,True
combined_hybrid,218,32x128x3,70.207656,2.8381197499999997,24.737383262281305,70.359791,2.8431509999999998,24.747117194971356,70.9619945,2.8711045,24.71592186909254,True
combined_hybrid,226,64x128x1,49.747951666666665,2.1122752166666667,23.551832296348564,49.279532,2.1029945,23.433029425421704,50.7522497,2.2080965999999997,22.984614758249258,True
combined_hybrid,237,32x128x3,68.98756966666667,2.8403420666666666,24.288472320387893,68.851615,2.8435414999999997,24.213332212665087,69.2517397,2.8565131,24.243452515586224,True
combined_hybrid,245,64x128x1,48.993628333333334,2.0873949499999997,23.471182745427903,48.975416,2.086536,23.47211646480099,49.2214166,2.1419322999999997,22.979912390321584,True
combined_hybrid,253,32x128x3,71.45199633333333,2.8540338833333334,25.03544080208391,71.42625,2.841719,25.134874348941608,71.660484,2.94468415,24.33554172524751,True
combined_hybrid,261,64x128x1,49.26803833333333,2.08461015,23.634173676710404,49.267865,2.090104,23.57196818914274,49.3829894,2.12465065,23.24287496393819,True
combined_hybrid,269,32x128x3,68.82619799999999,2.8494192666666667,24.15446501859127,68.775677,2.8447395,24.17644111174327,69.161084,2.88644215,23.96066867302364,True
combined_hybrid,277,64x128x1,49.526510333333334,2.0889895666666667,23.708356960519048,49.660677,2.0890104999999997,23.772344370696082,49.6879578,2.1408721500000003,23.20921303030636,True
combined_hybrid,285,32x128x3,69.544618,2.8576327666666668,24.336443370615978,69.455625,2.8404939999999996,24.45195272371637,70.4902497,3.00631795,23.447370129297205,True
combined_hybrid,293,64x128x1,49.294375,2.0871553,23.61797179155763,49.346928,2.0923439999999998,23.584519562748767,49.4184582,2.11280225,23.390006423932956,True
combined_hybrid,301,32x128x3,69.34392366666667,2.8493619999999997,24.336649280318426,69.466458,2.841901,24.443658663690258,69.56930190000001,2.9504294499999997,23.57938160493891,True
combined_hybrid,309,64x128x1,50.486423333333335,2.1087473,23.941428796771113,50.845989,2.0966665,24.25087108512489,51.7173951,2.2062057999999998,23.44178185915385,True
combined_hybrid,317,32x128x3,69.22819466666667,2.8468863166666667,24.317161616668933,69.160938,2.8439579999999998,24.318551117843516,69.4218444,2.92339805,23.74696952404412,True
combined_hybrid,325,64x128x1,49.42658,2.082966116666667,23.728940958049026,49.3375,2.0885154999999997,23.62323861134859,49.671203799999994,2.1264531000000004,23.35871117966344,True
combined_hybrid,333,32x128x3,71.26795133333333,2.8383863000000003,25.108615882670136,70.350938,2.841146,24.76146526788838,74.36085920000001,2.8726609499999998,25.88570683915901,True
combined_hybrid,341,64x128x1,49.57614566666666,2.0976570666666667,23.63405651689618,49.221875,2.092942,23.518031077784286,50.4673436,2.2119458,22.81581384136989,True
combined_hybrid,349,32x128x3,69.00848966666666,2.8320121666666664,24.367299857998493,69.026719,2.837422,24.327265736291604,69.29985909999999,2.8644739,24.192875033701647,True
combined_hybrid,357,64x128x1,49.370486,2.088171066666667,23.642931744480958,49.379583,2.091927,23.604830856908485,49.8917865,2.1370864000000003,23.34570399212685,True
combined_hybrid,365,32x128x3,69.088993,2.8388299833333335,24.337136568804382,69.03349,2.835495,24.346186468323875,69.30386440000001,2.8871896500000003,24.003918273951975,True
combined_hybrid,373,64x128x1,49.159201333333336,2.0764384166666665,23.674769710844224,49.083125,2.0894275,23.491183589763224,49.65424970000001,2.1047548000000003,23.591465238611168,True
combined_hybrid,381,32x128x3,69.22449633333333,2.836856816666667,24.401829491934937,69.249532,2.840104,24.382745138910405,69.25046800000001,2.8716699,24.115051663842006,True
combined_hybrid,389,64x128x1,49.43951366666667,2.0812891166666665,23.754274824560458,49.375781,2.09362,23.583926882624354,49.812515899999994,2.1171386500000002,23.52822565494234,True
combined_hybrid,397,32x128x3,69.24446233333333,2.83968655,24.384544249552235,69.254896,2.8398700000000003,24.38664305056217,69.4756777,2.8641613,24.256901208741283,True
combined_hybrid,405,64x128x1,49.57852433333333,2.0837065666666668,23.793429039600692,49.455521,2.08901,23.674142775764594,50.0657399,2.12605675,23.54863758928354,True
combined_hybrid,413,32x128x3,70.23380233333333,2.839828183333333,24.731708328527926,69.04323,2.8428649999999998,24.286496193100973,72.2806974,2.8706173500000003,25.17949576247074,True
combined_hybrid,421,64x128x1,49.13583333333333,2.0952898833333333,23.45061355193708,49.273125,2.0866925,23.6130263563031,49.354406700000006,2.1711429499999992,22.731993165166774,True
combined_hybrid,429,32x128x3,69.03906233333333,2.865072883333333,24.096790952490778,68.948229,2.8445045,24.239099990877143,69.4333389,3.0190130500000003,22.99868789901388,True
combined_hybrid,437,64x128x1,49.077396,2.0843498166666667,23.54566186902616,49.10026,2.090911,23.482711602741578,49.1113705,2.1214768,23.14961469293466,True
combined_hybrid,445,32x128x3,69.07663233333334,3.0401102833333336,22.721752139068506,69.136355,2.9876565,23.140663928400066,69.3099326,3.50827415,19.756133539335856,True
combined_hybrid,453,64x128x1,49.05631966666667,2.0925416833333332,23.443413365377726,49.076875,2.0936975,23.440289249043854,49.11901569999999,2.13500285,23.006534019380815,True
combined_hybrid,461,32x128x3,68.99421866666667,2.8540329499999997,24.174289461748042,69.121666,2.8415619999999997,24.325235908982457,69.1407919,2.9861592499999996,23.15375239950783,True
combined_hybrid,469,64x128x1,49.30527766666666,2.0839809166666665,23.659179060780748,49.408802,2.0913025000000003,23.62585135340296,49.884067699999996,2.1402547,23.307537976671654,True
combined_hybrid,477,32x128x3,69.108837,2.9531718833333334,23.40156270280983,69.081407,2.968281,23.27320324457152,69.3900782,3.1571227,21.978898127716104,True
combined_hybrid,485,64x128x1,49.714288,2.0813168666666666,23.88597757323705,49.756146,2.0870835000000003,23.840036107803062,49.847832600000004,2.1204215,23.508454616216635,True
combined_hybrid,493,32x128x3,69.38185800000001,2.8334253499999997,24.486919339519574,68.842709,2.8411720000000003,24.230391190677647,70.4453183,2.86175315,24.616140738763576,True
combined_hybrid,501,64x128x1,48.98269066666666,2.0949531833333332,23.381281766272725,48.915989,2.0925000000000002,23.37681672640382,49.158098900000006,2.1538753,22.823094215342923,True
combined_hybrid,509,32x128x3,69.27949666666666,2.9716918333333333,23.313149731597896,69.279636,2.8721870000000003,24.12086538933572,69.5634636,3.4133908,20.37957786726325,True
combined_hybrid,517,64x128x1,49.898889,2.08950435,23.88072989654221,49.389479,2.093516,23.591641525548408,50.904386,2.12690925,23.933501629183283,True
combined_hybrid,525,32x128x3,69.80017366666667,2.8402048833333335,24.575752994533087,69.266303,2.8401300000000003,24.38842693820353,71.3567861,2.8800521000000003,24.776213631690894,True
combined_hybrid,533,64x128x1,48.98571166666667,2.0925651666666667,23.40940795870077,49.035104,2.0896355,23.46586474052532,49.0936976,2.1696092999999994,22.62789784317389,True
combined_hybrid,541,32x128x3,68.92401066666667,2.8615843166666663,24.085961844714475,69.091406,2.842787,24.304109312445853,69.1106255,2.94540665,23.463865507331562,True
combined_hybrid,549,64x128x1,49.075156,2.08813805,23.50187335554754,49.229791,2.0926565,23.525022381838586,49.407729100000005,2.1290754499999998,23.20618985109241,True
combined_hybrid,557,32x128x3,68.86217,2.8382865166666664,24.261881101726456,68.848698,2.8427865,24.21873679222833,68.9891349,2.85908565,24.12978950105954,True
combined_hybrid,565,64x128x1,49.30897566666667,2.088645833333333,23.608107645503967,49.41375,2.0874734999999998,23.671557986245098,49.45326540000001,2.126432849999999,23.256443484683764,True
combined_hybrid,573,32x128x3,69.04447900000001,2.8544071333333334,24.188728438108587,69.004844,2.8439845000000004,24.263438847855884,69.212078,2.9677833000000002,23.321136014209664,True
combined_hybrid,581,64x128x1,49.20413233333333,2.086268216666667,23.584758632784613,49.153855,2.0914845,23.50189781468617,49.689213699999996,2.1463595,23.150461840153056,True
combined_hybrid,589,32x128x3,69.56302099999999,2.8519218166666667,24.391629740153753,69.601041,2.8398955,24.508310605090927,70.40921399999999,2.96539875,23.74359063852711,True
combined_hybrid,597,64x128x1,49.42119766666667,2.078493933333333,23.77740770568844,49.551718,2.0833595000000003,23.784525906354613,49.790875,2.1170702,23.518764280938818,True
combined_hybrid,605,32x128x3,69.25777766666666,2.8540642666666667,24.26636935809247,69.199114,2.841745,24.35092311238341,69.470896,2.930640349999999,23.705022692395545,True
combined_hybrid,613,64x128x1,49.437464999999996,2.0931267666666664,23.618954086918418,49.174896,2.0911454999999997,23.515769706125187,49.9290672,2.1622452,23.09130675836394,True
combined_hybrid,624,32x128x3,68.934566,2.8444062833333335,24.235133498304688,69.017448,2.836068,24.335611134852904,69.02780700000001,2.92440115,23.60408283931909,True
combined_hybrid,632,64x128x1,49.40185766666667,2.079576416666667,23.75573086458272,49.228125,2.088125,23.575276863214608,49.97235930000001,2.1324577,23.43416204691892,True
combined_hybrid,640,32x128x3,69.157743,2.841088566666667,24.34198771956622,69.196146,2.8373175,24.387875519747084,69.6278175,2.86695365,24.286342229495062,True
combined_hybrid,648,64x128x1,50.04102366666667,2.093217016666667,23.906275970541387,49.203593,2.088204,23.56263707951905,51.589718,2.1675598999999997,23.800826911403927,True
combined_hybrid,656,32x128x3,69.17309033333333,2.8404791833333336,24.352613016567844,69.030677,2.840521,24.30211816775866,69.4478648,2.8775781499999997,24.134136826136245,True
combined_hybrid,664,64x128x1,49.66899333333333,2.0851033333333335,23.820878581557107,49.263334,2.090729,23.562754426805196,50.3653174,2.1520393,23.403530502440173,True
combined_hybrid,672,32x128x3,69.11397533333333,2.8964479333333335,23.861632221296155,69.080833,2.8457035,24.27548513047828,69.2993638,3.0949948499999995,22.390784850578992,True
combined_hybrid,680,64x128x1,49.32434033333334,2.0853923333333335,23.652307311637763,49.378698,2.0906765,23.618526347811343,49.392760499999994,2.1338041999999997,23.147747342516244,True
combined_hybrid,688,32x128x3,68.894201,2.8357916833333334,24.294521140219388,68.892656,2.838646,24.26954822827503,68.99174959999999,2.8696362,24.041984694784652,True
combined_hybrid,696,64x128x1,49.17015633333333,2.076065133333333,23.684303321633102,49.171406,2.073359,23.71581863054107,49.184438,2.1192051500000004,23.208908302247185,True
combined_hybrid,704,32x128x3,70.091337,2.9716345499999997,23.58679569128041,68.931823,2.848724,24.197438221463365,72.2143858,3.4012084999999996,21.231978515871642,True
combined_hybrid,712,64x128x1,49.408680333333336,2.090998283333333,23.62923046238433,49.365364,2.0875779999999997,23.64719497906186,49.582676199999995,2.1511121499999994,23.049786688248684,True
combined_hybrid,720,32x128x3,69.43798600000001,2.8588854500000003,24.28848137304697,69.631718,2.8380465,24.53508707485942,69.6634061,3.0894505999999997,22.548800780307026,True
combined_hybrid,728,64x128x1,49.37788166666667,2.0868238,23.66173975333551,49.325156,2.088021,23.622921416978087,49.6180313,2.13533335,23.23666761444999,True
combined_hybrid,736,32x128x3,70.025729,2.839669366666667,24.659817731597176,69.53,2.8408855,24.47476323843393,70.9928744,2.8604040499999996,24.819176997039985,True
combined_hybrid,744,64x128x1,48.940416666666664,2.0935573333333335,23.37667848281203,48.988437,2.0907295,23.43126502017597,49.02017190000001,2.1611535,22.68241099024202,True
combined_hybrid,752,32x128x3,69.128837,2.83835845,24.355217361640847,68.866093,2.8385154999999997,24.26130595376351,69.7883131,2.85956545,24.40521621912868,True
combined_hybrid,760,64x128x1,49.120347333333335,2.0834305666666664,23.576666349828123,49.046198,2.080208,23.577545130102376,49.273823300000004,2.11250055,23.32488069648077,True
combined_hybrid,768,32x128x3,69.51967033333334,2.8843047,24.102748344629934,69.662084,2.8467445,24.470789001260915,69.733193,3.1362138,22.234833926181945,True
combined_hybrid,776,64x128x1,48.91152766666667,2.0892681833333335,23.410842158439674,48.952083,2.085078,23.477338977246895,49.01967750000001,2.1520421499999998,22.778214404397243,True
combined_hybrid,784,32x128x3,72.13303833333333,2.828130133333333,25.505558419376836,72.060781,2.8380985,25.390514458888585,74.1950473,2.8505106499999995,26.028686228553475,True
combined_hybrid,792,64x128x1,49.30137133333333,2.079203966666667,23.711657020533767,49.353281,2.0878905,23.637868461013642,49.3996409,2.11798715,23.32386242286692,True
combined_hybrid,800,32x128x3,68.708611,2.9494072,23.29573583464501,68.790312,2.9300775000000003,23.477301197664563,68.904594,3.2142580499999998,21.437169302570467,True
combined_hybrid,808,64x128x1,49.28772566666667,2.073008633333333,23.775938447209235,49.342813,2.0659635,23.88368090723771,49.41982779999999,2.10968245,23.425244780322267,True
combined_hybrid,816,32x128x3,68.951458,2.8430294666666667,24.2528115900405,68.931146,2.8427345,24.248182867587527,68.9922236,2.8888016,23.882645177155815,True
combined_hybrid,824,64x128x1,48.98784733333333,2.0877968,23.463896167162115,49.089427,2.094583,23.43637229940279,49.243224399999995,2.1257711500000003,23.164875673470302,True
combined_hybrid,832,32x128x3,69.544844,2.85540715,24.355491300076068,69.007552,2.842292,24.278839753269544,70.5945994,3.0624418999999996,23.051735087610975,True
combined_hybrid,840,64x128x1,49.20848966666667,2.0829844166666667,23.624031592811168,49.179583,2.0786975,23.658845503013303,49.4449903,2.1331319499999997,23.179527314285462,True
combined_hybrid,848,32x128x3,70.474149,2.837534783333333,24.836400037786323,70.328021,2.832943,24.825074489673813,71.57002010000001,2.8805628999999997,24.845845268645242,True
combined_hybrid,856,64x128x1,49.317378,2.0741762833333333,23.776849825292494,49.391614,2.0765365,23.78557468168751,49.4393797,2.1014383,23.526448385374916,True
combined_hybrid,864,32x128x3,68.46972233333334,2.8334904,24.164444789837063,68.490781,2.832057,24.184111054261972,68.591797,2.8719298499999995,23.88352104073852,True
combined_hybrid,872,64x128x1,49.067743,2.0788620333333334,23.60317433924307,48.930677,2.073932,23.59319254440358,49.347536299999994,2.1386537,23.07411260644956,True
combined_hybrid,881,192x1024x1,3.359722,0.4036250666666667,8.323868553918686,3.363073,0.39898449999999996,8.42908183149972,3.3631197999999998,0.4256123,7.901838833135226,True
combined_v5,0,32x1x3x3,766.1286976666667,751.75508645,1.0191200717836748,766.160468,750.5711455000001,1.0207699464513986,770.7522968000001,757.9522132,1.0168877184828835,True
combined_v5,10,32x32x3x3,4376.152689,151.35116315,28.913901934555433,4375.968227,150.562474,29.0641360409633,4378.0859927,156.00872175,28.063084830063353,True
combined_v5,25,32x32x3x3,2166.5068743333336,80.56127251666666,26.89265954538048,2166.206562,80.60112000000001,26.87563847748021,2167.568937,86.52363485,25.051755404841273,True
combined_v5,31,32x32x3x3,1131.7753643333333,44.296989583333335,25.549712858120763,1131.871094,44.3985155,25.493444572488016,1132.549703,45.433989,24.92736666815674,True
combined_v5,35,128x320x5,1092.112517,94.59245745,11.545450307993875,1092.547135,94.3918495,11.574591882533248,1095.9343696,96.45767375,11.361816297171485,True
combined_v5,42,32x128x3,69.23298633333333,6.05943055,11.425658857222702,69.380209,6.029844000000001,11.50613664300436,69.52809880000001,6.2702165,11.088628088041299,True
combined_v5,50,64x128x1,49.93387166666667,1.9413671833333335,25.720982663841085,49.391511,1.919896,25.726138811685633,51.3757293,2.2144323499999996,23.20040587376716,True
combined_v5,58,32x128x3,68.90689233333333,6.04254775,11.403615690638661,69.001719,6.0258335,11.45098333699396,69.03289050000001,6.1546066999999995,11.216458478167258,True
combined_v5,66,64x128x1,49.37979166666667,1.8388612166666667,26.853463012384488,49.51052,1.8418230000000002,26.881258405395087,49.602724099999996,1.874404,26.463197955190022,True
combined_v5,74,32x128x3,69.12276033333333,6.04172135,11.440905054870385,69.107865,6.028307,11.46389276458548,69.39534839999999,6.10495595,11.367051452680832,True
combined_v5,82,64x128x1,48.97581566666667,1.846112,26.529168147255785,49.149479,1.8415105,26.68976310479902,49.152854,1.87577385,26.204040535057036,True
combined_v5,90,32x128x3,70.018264,6.036978250000001,11.598230290129004,69.162083,6.025026,11.4791343639015,71.52716149999999,6.108297149999999,11.70983659496657,True
combined_v5,98,64x128x1,49.41772566666666,1.92202955,25.711220551560544,49.453802,1.8757290000000002,26.365110311777446,49.5422549,2.21458845,22.37086303778023,True
combined_v5,106,32x128x3,69.15203066666668,6.071814233333333,11.389022787790935,69.158906,6.0321359999999995,11.465077378891989,69.33018679999999,6.3064974000000005,10.993453640367788,True
combined_v5,114,64x128x1,49.507743000000005,1.8465467999999998,26.810987406330568,49.732031,1.8479945,26.911352279457542,49.78092170000001,1.8908233499999998,26.327642770013398,True
combined_v5,122,32x128x3,69.31517366666667,6.058249183333333,11.441453061613503,69.418959,6.0352084999999995,11.502329869796545,69.4445523,6.2354434,11.137067221234018,True
combined_v5,130,64x128x1,49.348125,1.8575277833333332,26.566560911107775,49.34026,1.858854,26.543375649728272,49.3711984,1.91768465,25.74521227981879,True
combined_v5,138,32x128x3,70.41295133333334,6.2210616,11.318478398177787,70.609531,6.168047,11.447631803065056,71.2103755,6.6483051500000006,10.711057012778662,True
combined_v5,146,64x128x1,49.036719000000005,1.8479965500000002,26.53507064177149,49.152031,1.8440625,26.65421101508219,49.304563,1.8821179000000001,26.19632011363369,True
combined_v5,154,32x128x3,69.25833366666667,6.051301216666667,11.445196857150886,69.197084,6.0329945,11.46977408979902,69.5034584,6.24440125,11.13052406745963,True
combined_v5,162,64x128x1,49.373385000000006,1.8474009500000002,26.72586316468009,49.43927,1.8433595,26.820199749424894,49.447426699999994,1.8873563,26.199306776362256,True
combined_v5,170,32x128x3,69.36274300000001,6.041273433333333,11.481477169578868,69.239531,6.0322135,11.478295819602538,69.8196566,6.08959085,11.465410126856058,True
combined_v5,178,64x128x1,49.69454833333333,1.8659209666666667,26.632718759846007,49.230833,1.862031,26.439319753537937,50.5015205,1.9443850999999999,25.973003238915997,True
combined_v5,186,32x128x3,69.78003466666667,6.0765954833333335,11.483409560181654,68.977552,6.0426825,11.415054820437778,71.2493491,6.290229249999999,11.326987661061798,True
combined_v5,194,64x128x1,49.62399266666667,1.8462430500000002,26.878363965495588,49.70927,1.8371355,27.05803137547557,49.7684738,1.90990155,26.058135719089815,True
combined_v5,202,32x128x3,68.60758700000001,6.056528666666667,11.327872908056355,68.653698,6.037109,11.371949388357905,68.7632451,6.147877449999999,11.18487570047448,True
combined_v5,210,64x128x1,49.046771,1.84446095,26.591384870468524,49.08073,1.8314059999999999,26.79948083603527,49.34829189999999,1.8806936,26.239410768452654,True
combined_v5,218,32x128x3,70.207656,6.182704816666667,11.355492148152019,70.359791,6.1559115,11.42963003935323,70.9619945,6.437661649999999,11.022945652945277,True
combined_v5,226,64x128x1,49.747951666666665,1.8660919999999999,26.65889552426497,49.279532,1.8619005,26.46732840986938,50.7522497,1.94532535,26.089337549628908,True
combined_v5,237,32x128x3,68.98756966666667,6.077693583333333,11.350945670549944,68.851615,6.0308075,11.416649428787107,69.2517397,6.398736599999999,10.822720800853094,True
combined_v5,245,64x128x1,48.993628333333334,1.8384444666666666,26.649501370125694,48.975416,1.8232025,26.862301911060346,49.2214166,1.86932765,26.331080375342438,True
combined_v5,253,32x128x3,71.45199633333333,6.10483505,11.704164936173553,71.42625,6.031874999999999,11.841467205470936,71.660484,6.4458340000000005,11.117333148821393,True
combined_v5,261,64x128x1,49.26803833333333,1.8468481333333335,26.676821685609085,49.267865,1.8522655000000001,26.59870574709727,49.3829894,1.8924083999999999,26.095312935622143,True
combined_v5,269,32x128x3,68.82619799999999,6.055194416666667,11.36647203441706,68.775677,6.0317445,11.402286187685835,69.161084,6.219080399999999,11.120789498074346,True
combined_v5,277,64x128x1,49.526510333333334,1.8858818833333333,26.26172443302454,49.660677,1.858776,26.716870133894563,49.6879578,2.0888907,23.786767684876956,True
combined_v5,285,32x128x3,69.544618,6.053118083333334,11.489056886480421,69.455625,6.0292449999999995,11.519788132676645,70.4902497,6.2247968,11.324104539444566,True
combined_v5,293,64x128x1,49.294375,1.8453541833333333,26.712690412069136,49.346928,1.8503645,26.668760668506124,49.4184582,1.8867291,26.19266231702262,True
combined_v5,301,32x128x3,69.34392366666667,6.04440715,11.472411097698254,69.466458,6.0360415,11.508611728398488,69.56930190000001,6.1543148,11.304150691154117,True
combined_v5,309,64x128x1,50.486423333333335,1.8727665333333334,26.95820457848136,50.845989,1.8558335000000001,27.397926053172334,51.7173951,1.9843747999999999,26.062311968484988,True
combined_v5,317,32x128x3,69.22819466666667,6.052400283333333,11.438138825236381,69.160938,6.0227865,11.483212629237315,69.4218444,6.25025735,11.107037760613169,True
combined_v5,325,64x128x1,49.42658,1.8385962333333334,26.882781060848107,49.3375,1.819088,27.122107341700897,49.671203799999994,1.873125,26.517826519853184,True
combined_v5,333,32x128x3,71.26795133333333,6.047348016666667,11.784992551597293,70.350938,6.0245049999999996,11.677463625642273,74.36085920000001,6.21894815,11.95714410321945,True
combined_v5,341,64x128x1,49.57614566666666,1.8491388833333333,26.81039597052801,49.221875,1.824479,26.978592244690127,50.4673436,1.9358779999999995,26.06948557708699,True
combined_v5,349,32x128x3,69.00848966666666,6.065871516666666,11.376516874295483,69.026719,6.0355995,11.43659697764903,69.29985909999999,6.246221050000001,11.094685657978753,True
combined_v5,357,64x128x1,49.370486,1.8413506,26.812105201475482,49.379583,1.826484,27.035321962853217,49.8917865,1.8805227500000001,26.53080719177686,True
combined_v5,365,32x128x3,69.088993,6.0764835,11.369897244022797,69.03349,6.030234500000001,11.447894770924744,69.30386440000001,6.270913999999999,11.05163687462466,True
combined_v5,373,64x128x1,49.159201333333336,1.8363455333333334,26.77012601441058,49.083125,1.8333595,26.772231523604617,49.65424970000001,1.87254965,26.516920232261935,True
combined_v5,381,32x128x3,69.22449633333333,6.043888983333333,11.453634658781333,69.249532,6.025208,11.493301476065225,69.25046800000001,6.16190915,11.23847598434651,True
combined_v5,389,64x128x1,49.43951366666667,1.8378099833333332,26.90131956786719,49.375781,1.821302,27.110155811611694,49.812515899999994,1.8902389499999999,26.352496809993255,True
combined_v5,397,32x128x3,69.24446233333333,6.130208283333333,11.295613318978663,69.254896,6.046849,11.453055302025898,69.4756777,6.5562496,10.59686283145779,True
combined_v5,405,64x128x1,49.57852433333333,1.83936365,26.95417207648598,49.455521,1.836458,26.92984048641461,50.0657399,1.88238045,26.59703563113397,True
combined_v5,413,32x128x3,70.23380233333333,6.039458366666667,11.629155806582235,69.04323,6.0249215,11.45960656914783,72.2806974,6.085545,11.877440294994122,True
combined_v5,421,64x128x1,49.13583333333333,1.8434643666666666,26.65407274575111,49.273125,1.841875,26.751611808618936,49.354406700000006,1.8827317,26.2142538419043,True
combined_v5,429,32x128x3,69.03906233333333,6.0425078333333335,11.425564391076366,68.948229,6.029609499999999,11.434941018983071,69.4333389,6.1318933499999995,11.323311567380735,True
combined_v5,437,64x128x1,49.077396,1.8426363166666666,26.634336659977006,49.10026,1.8480205,26.56911002881191,49.1113705,1.8884292999999996,26.006465002422917,True
combined_v5,445,32x128x3,69.07663233333334,6.103489616666667,11.317563667955996,69.136355,6.041093500000001,11.444344471741745,69.3099326,6.523356549999999,10.624887980406346,True
combined_v5,453,64x128x1,49.05631966666667,1.8450537999999999,26.58801584358498,49.076875,1.836927,26.71683469185221,49.11901569999999,1.8973429499999996,25.888316975062416,True
combined_v5,461,32x128x3,68.99421866666667,6.031635433333333,11.438724941062558,69.121666,6.023646,11.475054476972916,69.1407919,6.0788986,11.373901170188955,True
combined_v5,469,64x128x1,49.30527766666666,1.8385563500000002,26.81738727598241,49.408802,1.8328125,26.957914134697358,49.884067699999996,1.8761070499999999,26.589137171037226,True
combined_v5,477,32x128x3,69.108837,6.176763066666667,11.188519982731838,69.081407,6.0694535,11.38181666603097,69.3900782,6.7847601,10.227344397924991,True
combined_v5,485,64x128x1,49.714288,1.8420451833333333,26.988636570813036,49.756146,1.831276,27.17020591106966,49.847832600000004,1.8894791,26.381785646636686,True
combined_v5,493,32x128x3,69.38185800000001,6.065684966666667,11.43842095019453,68.842709,6.0310939999999995,11.41463041365298,70.4453183,6.257864599999999,11.257085731768631,True
combined_v5,501,64x128x1,48.98269066666666,1.8427621666666667,26.581124549170884,48.915989,1.8326295,26.691695730097113,49.158098900000006,1.89207325,25.9810759969256,True
combined_v5,509,32x128x3,69.27949666666666,6.15495925,11.255882265453936,69.279636,6.0653385,11.42222087027789,69.5634636,6.385128199999999,10.894607190502459,True
combined_v5,517,64x128x1,49.898889,1.8481511,26.99935573449595,49.389479,1.849896,26.698516565255563,50.904386,1.9296716,26.379818203263188,True
combined_v5,525,32x128x3,69.80017366666667,6.066430616666667,11.505970821606446,69.266303,6.022448000000001,11.501353436343491,71.3567861,6.3874583,11.171389737291905,True
combined_v5,533,64x128x1,48.98571166666667,1.8436388333333333,26.570123595248635,49.035104,1.8289585000000002,26.81039728348128,49.0936976,1.8845521499999998,26.050591170958047,True
combined_v5,541,32x128x3,68.92401066666667,6.053331583333334,11.386128401826769,69.091406,6.0288015,11.460222400754114,69.1106255,6.2111406,11.126881510297801,True
combined_v5,549,64x128x1,49.075156,1.8396058666666666,26.676994724377195,49.229791,1.834453,26.83622365904169,49.407729100000005,1.89024195,26.138309489957095,True
combined_v5,557,32x128x3,68.86217,6.0635780666666665,11.35668894551821,68.848698,6.0291405000000005,11.419322206871774,68.9891349,6.26905955,11.004702435790389,True
combined_v5,565,64x128x1,49.30897566666667,1.8394201499999998,26.80680412610826,49.41375,1.8259370000000001,27.062133030876748,49.45326540000001,1.8952524499999999,26.093233859162144,True
combined_v5,573,32x128x3,69.04447900000001,6.051775133333334,11.408963069315188,69.004844,6.0284375,11.446555429993262,69.212078,6.1801222,11.199143926312656,True
combined_v5,581,64x128x1,49.20413233333333,1.8379609166666666,26.771043871036248,49.153855,1.8192184999999998,27.019214569332934,49.689213699999996,1.8722788000000001,26.53943082622096,True
combined_v5,589,32x128x3,69.56302099999999,6.0508064,11.496487641713342,69.601041,6.028229,11.545852189755896,70.40921399999999,6.2517728,11.262279716882864,True
combined_v5,597,64x128x1,49.42119766666667,1.8569374,26.614358495158033,49.551718,1.8491665,26.796785470643126,49.790875,1.94298435,25.625978407906373,True
combined_v5,605,32x128x3,69.25777766666666,6.049154533333334,11.449166538072017,69.199114,6.024036499999999,11.487167117928319,69.470896,6.178927699999999,11.243196129321921,True
combined_v5,613,64x128x1,49.437464999999996,1.8412413833333334,26.85007269959344,49.174896,1.8397139999999998,26.729641672564323,49.9290672,1.8884218,26.439573616445223,True
combined_v5,624,32x128x3,68.934566,6.0615190666666665,11.372490169845875,69.017448,6.025964,11.453345555997348,69.02780700000001,6.320106399999999,10.921937485103102,True
combined_v5,632,64x128x1,49.40185766666667,1.83755985,26.884489050338505,49.228125,1.8345574999999998,26.833786894114795,49.97235930000001,1.8749030999999998,26.653302402668178,True
combined_v5,640,32x128x3,69.157743,6.061224816666667,11.4098627079193,69.196146,6.029427500000001,11.476404020116336,69.6278175,6.2678931,11.10864789637207,True
combined_v5,648,64x128x1,50.04102366666667,1.8488984333333331,27.06531779382221,49.203593,1.8417185,26.716131156851603,51.589718,1.9175931499999996,26.90336998752838,True
combined_v5,656,32x128x3,69.17309033333333,6.05561365,11.422969550465515,69.030677,6.028828,11.450098924699793,69.4478648,6.2209011,11.163634284428667,True
combined_v5,664,64x128x1,49.66899333333333,1.8426483500000002,26.955220909802637,49.263334,1.8427604999999998,26.73344365694837,50.3653174,1.8883255,26.67194686509291,True
combined_v5,672,32x128x3,69.11397533333333,6.139572916666666,11.257130792553092,69.080833,6.044089,11.429486395716543,69.2993638,6.552958299999999,10.575279229229949,True
combined_v5,680,64x128x1,49.32434033333334,1.8480912333333335,26.689342735731103,49.378698,1.840677,26.826378555281565,49.392760499999994,1.8979378499999997,26.024435152078347,True
combined_v5,688,32x128x3,68.894201,6.065891533333333,11.357638134709806,68.892656,6.032266,11.420692655131587,68.99174959999999,6.25297175,11.033433758916308,True
combined_v5,696,64x128x1,49.17015633333333,1.8589653000000002,26.450281957029176,49.171406,1.855078,26.50638194189139,49.184438,1.9245642999999997,25.556141719972675,True
combined_v5,704,32x128x3,70.091337,6.2044514,11.296943513813323,68.931823,6.1364845,11.233112867799145,72.2143858,6.5253145,11.066805408382997,True
combined_v5,712,64x128x1,49.408680333333336,1.8370538,26.895608791279457,49.365364,1.8273955,27.014055796897825,49.582676199999995,1.8921845,26.203933178820563,True
combined_v5,720,32x128x3,69.43798600000001,6.15359375,11.284135550872206,69.631718,6.0557549999999996,11.498437106520988,69.6634061,6.592643450000001,10.566839633955935,True
combined_v5,728,64x128x1,49.37788166666667,1.8590998333333333,26.560102250201915,49.325156,1.8532549999999999,26.615417737979936,49.6180313,1.9192494999999998,25.852830129693928,True
combined_v5,736,32x128x3,70.025729,6.26095665,11.184509479074576,69.53,6.2235415,11.172095502215258,70.9928744,6.7972706,10.444320754274518,True
combined_v5,744,64x128x1,48.940416666666664,1.8456059,26.51726279519732,48.988437,1.8250264999999999,26.842589408975705,49.02017190000001,1.8803438999999997,26.069790690947553,True
combined_v5,752,32x128x3,69.128837,6.043754333333334,11.438062036825563,68.866093,6.029764999999999,11.421024368279694,69.7883131,6.150194450000001,11.347334408264114,True
combined_v5,760,64x128x1,49.120347333333335,1.8439887000000001,26.638095631135556,49.046198,1.848125,26.538355360162324,49.273823300000004,1.8905905,26.062663120331983,True
combined_v5,768,32x128x3,69.51967033333334,6.350555583333334,10.947021787476942,69.662084,6.285495,11.082990917978615,69.733193,7.15147665,9.750880330427982,True
combined_v5,776,64x128x1,48.91152766666667,1.8420799333333333,26.552337269186186,48.952083,1.8204685,26.88982698684432,49.01967750000001,1.88763865,25.968782478574493,True
combined_v5,784,32x128x3,72.13303833333333,6.059296016666667,11.904524574294536,72.060781,6.030182,11.950017594825498,74.1950473,6.20306805,11.961024238642683,True
combined_v5,792,64x128x1,49.30137133333333,1.8451622833333334,26.719260294151,49.353281,1.8446615,26.75465444473146,49.3996409,1.88991965,26.13848736902651,True
combined_v5,800,32x128x3,68.708611,6.06707125,11.324839971180495,68.790312,6.034063,11.40033042412716,68.904594,6.31148185,10.917340117202428,True
combined_v5,808,64x128x1,49.28772566666667,1.8570563833333333,26.54078040333778,49.342813,1.8456245,26.735022752461294,49.41982779999999,1.9177681499999994,25.769448616611975,True
combined_v5,816,32x128x3,68.951458,6.0578212,11.382220723186746,68.931146,6.026588,11.437839454099068,68.9922236,6.2587451,11.023331753836725,True
combined_v5,824,64x128x1,48.98784733333333,1.8396833166666666,26.628413102149942,49.089427,1.8426305,26.64094998970222,49.243224399999995,1.8755319499999998,26.25560412340616,True
combined_v5,832,32x128x3,69.544844,6.0392588,11.515460142228049,69.007552,6.024349,11.45477328753696,70.5945994,6.117986999999999,11.538860641580312,True
combined_v5,840,64x128x1,49.20848966666667,1.8343611499999999,26.825955001645493,49.179583,1.829401,26.882888442719775,49.4449903,1.8743048500000001,26.380441954253065,True
combined_v5,848,32x128x3,70.474149,6.033831583333334,11.679833622579704,70.328021,6.0204425,11.68153686377704,71.57002010000001,6.1161198,11.701866941847674,True
combined_v5,856,64x128x1,49.317378,1.8501988,26.655177811162776,49.391614,1.8342450000000001,26.927490057217,49.4393797,1.9302479499999998,25.61296837538411,True
combined_v5,864,32x128x3,68.46972233333334,6.04791235,11.321216044629573,68.490781,6.026301500000001,11.365309385864613,68.591797,6.2422194,10.988366893992865,True
combined_v5,872,64x128x1,49.067743,1.8549592333333333,26.452194807443835,48.930677,1.842448,26.55742631542383,49.347536299999994,1.9464219499999997,25.352948932784077,True
combined_v5,881,192x1024x1,3.359722,0.7056318666666667,4.7612957389112625,3.363073,0.6980985,4.817476330345933,3.3631197999999998,0.7423727,4.530230974280169,True
