family,operator_id,weight_shape,incumbent,selected,selection_reason,margin_vs_incumbent_pct,incumbent_mean_ms,selected_mean_ms
qlinear_conv,2,32x32x3x3,v4,v5,fastest_bitwise,6.724288189371736,15.8035104,14.740836816666667
qlinear_conv,3,32x32x1x1,v4,mac_fixed,fastest_bitwise,5.415404811233308,6.0408454166666665,5.713709183333333
qlinear_conv,6,32x32x3x3,v4,v5,fastest_bitwise,10.124409879594038,15.800243033333334,14.200561666666665
qlinear_conv,12,32x32x3x3,v4,v5,fastest_bitwise,9.297973307946359,15.80873865,14.33884635
qlinear_conv,17,32x32x3x3,v4,v5,fastest_bitwise,9.882330296243325,7.910179683333334,7.1284696
qlinear_conv,18,32x32x1x1,v4,mac_fixed,fastest_bitwise,5.910655062100678,3.002331633333333,2.8248741666666666
qlinear_conv,21,32x32x3x3,v4,v5,fastest_bitwise,8.985180029350712,8.259347216666667,7.51723
qlinear_conv,27,32x32x3x3,v4,v5,fastest_bitwise,8.632901918097367,8.25430205,7.5417162499999995
qlinear_conv,39,128x128x1,v4,v5,fastest_bitwise,6.403320414579134,0.35189581666666664,0.3293628
qlinear_conv,51,32x64x1,v4,v5,fastest_bitwise,5.384793439411625,0.05911461666666666,0.055931416666666664
qlinear_conv,54,128x160x1,v4,v5,fastest_bitwise,6.555697027416671,0.4134574333333333,0.3863524166666667
qlinear_conv,66,32x64x1,v4,v5,fastest_bitwise,5.029631788594186,0.0600425,0.057022583333333335
qlinear_conv,69,128x192x1,v4,v5,fastest_bitwise,7.390277821569957,0.4778462666666667,0.4425321
qlinear_conv,81,32x64x1,v4,v5,fastest_bitwise,3.8192744043225564,0.059184016666666665,0.05692361666666667
qlinear_conv,84,128x224x1,v4,v5,fastest_bitwise,7.116672107464442,0.5370433833333333,0.49882376666666667
qlinear_conv,96,32x64x1,v4,v5,fastest_bitwise,5.31871539226908,0.05975001666666667,0.05657208333333333
qlinear_conv,99,128x256x1,v4,v5,fastest_bitwise,8.318753531190852,0.6061753500000001,0.5557491166666666
qlinear_conv,111,32x64x1,v4,v5,fastest_bitwise,5.100618491256357,0.059019966666666666,0.05600958333333333
qlinear_conv,114,128x288x1,v4,v5,fastest_bitwise,7.509710091494264,0.6596788166666666,0.61013885
qlinear_conv,126,32x64x1,v4,v5,fastest_bitwise,5.903469948874286,0.059653616666666666,0.056131983333333337
qlinear_conv,129,128x320x1,v4,v5,fastest_bitwise,7.845783196671566,0.7263065,0.6693220666666666
qlinear_conv,141,32x64x1,v4,v5,fastest_bitwise,4.961621431796534,0.05913456666666667,0.05620053333333333
qlinear_conv,144,128x352x1,v4,v5,fastest_bitwise,6.224748285110163,0.7928133166666667,0.7434626833333333
qlinear_conv,156,32x64x1,v4,v5,fastest_bitwise,3.6902449033896403,0.05925261666666667,0.05706605
qlinear_conv,159,128x384x1,v4,v5,fastest_bitwise,8.193137602090363,0.87128485,0.7998992833333334
qlinear_conv,171,32x64x1,v4,v5,fastest_bitwise,4.2527798065377,0.05937763333333333,0.056852433333333334
qlinear_conv,174,128x416x1,v4,v5,fastest_bitwise,7.741586061271071,0.9130885166666667,0.8424009833333332
qlinear_conv,186,32x64x1,v4,v5,fastest_bitwise,4.922622985211487,0.0591067,0.0561971
qlinear_conv,189,128x448x1,v4,v5,fastest_bitwise,6.556805781327901,0.9598533,0.8969175833333334
qlinear_conv,201,32x64x1,v4,v5,fastest_bitwise,5.362649276843974,0.059276050000000004,0.05609728333333333
qlinear_conv,204,128x480x1,v4,v5,fastest_bitwise,7.467330818367536,1.0238089333333333,0.9473577333333334
qlinear_conv,216,32x64x1,v4,v4,fastest_bitwise,0.0,0.059069449999999996,0.059069449999999996
qlinear_conv,219,256x512x1,v4,v5,fastest_bitwise,7.912122147072447,2.1634575,1.9922821
qlinear_conv,222,128x256x1,v4,v5,fastest_bitwise,8.636819704380612,0.6011198,0.5492021666666667
qlinear_conv,234,32x64x1,v4,v5,fastest_bitwise,4.4681292940367,0.058984416666666664,0.056348916666666665
qlinear_conv,237,128x288x1,v4,v5,fastest_bitwise,9.049514069744502,0.67028995,0.6096319666666666
qlinear_conv,249,32x64x1,v4,v5,fastest_bitwise,4.604610385327348,0.05887505,0.05616408333333333
qlinear_conv,252,128x320x1,v4,v5,fastest_bitwise,7.700247909640133,0.7167665333333333,0.6615737333333332
qlinear_conv,264,32x64x1,v4,v5,fastest_bitwise,5.765232804153203,0.059822099999999996,0.05637321666666666
qlinear_conv,267,128x352x1,v4,v5,fastest_bitwise,7.606931364479444,0.7794540333333334,0.7201615
qlinear_conv,279,32x64x1,v4,v5,fastest_bitwise,5.514328232226848,0.0591571,0.05589498333333333
qlinear_conv,282,128x384x1,v4,v5,fastest_bitwise,8.164861840219073,0.8460077833333333,0.7769324166666667
qlinear_conv,294,32x64x1,v4,v5,fastest_bitwise,5.376136998759703,0.05919275,0.05601046666666667
qlinear_conv,297,128x416x1,v4,v5,fastest_bitwise,7.873653281911121,0.9022474166666666,0.8312075833333333
qlinear_conv,309,32x64x1,v4,v5,fastest_bitwise,6.009112741251394,0.05978808333333333,0.05619535
qlinear_conv,312,128x448x1,v4,v5,fastest_bitwise,7.869102190743464,0.9737881333333333,0.89715975
qlinear_conv,324,32x64x1,v4,v5,fastest_bitwise,3.7620339019255162,0.05929948333333333,0.05706861666666666
qlinear_conv,327,128x480x1,v4,v5,fastest_bitwise,6.916761802919266,1.0257656499999999,0.9548158833333333
qlinear_conv,339,32x64x1,v4,v5,fastest_bitwise,5.481334498147057,0.05919878333333333,0.0559539
qlinear_conv,342,128x512x1,v4,v5,fastest_bitwise,7.936681508954051,1.08504165,0.99892535
qlinear_conv,354,32x64x1,v4,v5,fastest_bitwise,1.3991054747275333,0.059260483333333336,0.05843136666666667
qlinear_conv,357,128x544x1,v4,v5,fastest_bitwise,7.513609173749016,1.1467387333333332,1.0605772666666666
qlinear_conv,369,32x64x1,v4,v5,fastest_bitwise,5.142793282180116,0.058907999999999995,0.05587848333333333
qlinear_conv,372,128x576x1,v4,v5,fastest_bitwise,7.5945905243801155,1.2077412166666666,1.1160182166666668
qlinear_conv,384,32x64x1,v4,v5,fastest_bitwise,5.4948997682211305,0.05927345,0.05601643333333333
qlinear_conv,387,128x608x1,v4,v5,fastest_bitwise,7.584702471090554,1.2690834,1.1728272
qlinear_conv,399,32x64x1,v4,v5,fastest_bitwise,5.0152758132956095,0.058916666666666666,0.055961833333333336
qlinear_conv,402,128x640x1,v4,v5,fastest_bitwise,6.382521944389867,1.3312457166666667,1.2462786666666665
qlinear_conv,414,32x64x1,v4,v5,fastest_bitwise,4.7799003851265525,0.05887675,0.0560625
qlinear_conv,417,128x672x1,v4,v5,fastest_bitwise,8.380920482126717,1.4166815,1.29795055
qlinear_conv,429,32x64x1,v4,v5,fastest_bitwise,4.611887948053384,0.059045233333333336,0.05632213333333334
qlinear_conv,432,128x704x1,v4,v5,fastest_bitwise,7.592281755066091,1.4530833666666667,1.3427611833333333
qlinear_conv,444,32x64x1,v4,v5,fastest_bitwise,5.6734002342963965,0.05942615,0.05605466666666667
qlinear_conv,447,128x736x1,v4,v5,fastest_bitwise,7.590869962011756,1.5182726166666667,1.4030225166666668
qlinear_conv,459,32x64x1,v4,v5,fastest_bitwise,4.841626928882887,0.059057283333333335,0.05619795
qlinear_conv,462,128x768x1,v4,v5,fastest_bitwise,7.796670689036556,1.5861710500000001,1.4625025166666668
qlinear_conv,474,32x64x1,v4,v5,fastest_bitwise,7.043457800539647,0.06056258333333333,0.05629688333333334
qlinear_conv,477,128x800x1,v4,v5,fastest_bitwise,7.583820591782259,1.65381945,1.52839675
qlinear_conv,489,32x64x1,v4,v5,fastest_bitwise,5.123462884966392,0.05907983333333333,0.056052899999999996
qlinear_conv,492,128x832x1,v4,v5,fastest_bitwise,7.175777003490853,1.7102282666666668,1.5875061
qlinear_conv,504,32x64x1,v4,v5,fastest_bitwise,4.786209346785239,0.05910766666666666,0.05627865
qlinear_conv,507,128x864x1,v4,v5,fastest_bitwise,7.556763124888234,1.7697074499999998,1.63597485
qlinear_conv,519,32x64x1,v4,v5,fastest_bitwise,3.692480973163334,0.05910073333333333,0.056918449999999995
qlinear_conv,522,128x896x1,v4,v5,fastest_bitwise,8.547296733129244,1.8493706833333334,1.6912994833333335
qlinear_conv,534,32x64x1,v4,v5,fastest_bitwise,4.571156357840237,0.05905726666666666,0.05635766666666667
qlinear_conv,537,128x928x1,v4,v5,fastest_bitwise,7.563055450426556,1.8947179166666668,1.75141935
qlinear_conv,549,32x64x1,v4,v5,fastest_bitwise,11.677941505035486,0.06325786666666668,0.05587065
qlinear_conv,552,128x960x1,v4,v5,fastest_bitwise,7.438371144361519,1.9494209666666669,1.8044158000000001
qlinear_conv,564,32x64x1,v4,v5,fastest_bitwise,3.81411188429711,0.0591492,0.05689318333333333
qlinear_conv,567,128x992x1,v4,v5,fastest_bitwise,6.2813496749029865,2.0253134,1.8980963833333333
qlinear_conv,579,32x64x1,v4,v5,fastest_bitwise,4.978708734928688,0.058983499999999994,0.05604688333333333
qlinear_conv,582,512x1024x1,v4,v5,fastest_bitwise,6.561990542504368,8.534711833333334,7.97466485
qlinear_conv,585,128x512x1,v4,v5,fastest_bitwise,7.266667944450848,1.0826032499999998,1.0039340666666667
qlinear_conv,597,32x64x1,v4,v5,fastest_bitwise,5.01130117366912,0.05908678333333333,0.05612576666666667
qlinear_conv,600,128x544x1,v4,v5,fastest_bitwise,6.789478224254755,1.1465225666666667,1.0686796666666667
qlinear_conv,612,32x64x1,v4,v5,fastest_bitwise,5.066854726081901,0.05891755,0.05593228333333333
qlinear_conv,615,128x576x1,v4,v5,fastest_bitwise,8.057308691294429,1.2181189000000001,1.1199713
qlinear_conv,627,32x64x1,v4,v5,fastest_bitwise,4.580544399821505,0.059012999999999996,0.05630988333333333
qlinear_conv,630,128x608x1,v4,v5,fastest_bitwise,7.329548290170779,1.2703627333333334,1.1772508833333333
qlinear_conv,642,32x64x1,v4,v5,fastest_bitwise,5.091264855117638,0.05907896666666666,0.0560711
qlinear_conv,645,128x640x1,v4,v5,fastest_bitwise,8.230645885401987,1.3380503166666666,1.2279201333333334
qlinear_conv,657,32x64x1,v4,v5,fastest_bitwise,5.349181600381184,0.05960413333333334,0.0564158
qlinear_conv,660,128x672x1,v4,v5,fastest_bitwise,9.31174466936481,1.4196431999999999,1.28744965
qlinear_conv,672,32x64x1,v4,v5,fastest_bitwise,5.196965141991459,0.05926471666666667,0.05618475
qlinear_conv,675,128x704x1,v4,v5,fastest_bitwise,7.883934554667295,1.4570216500000002,1.3421510166666666
qlinear_conv,687,32x64x1,v4,v5,fastest_bitwise,5.595598113126534,0.05977436666666667,0.05642963333333333
qlinear_conv,690,128x736x1,v4,v5,fastest_bitwise,7.688062645030155,1.5210485666666667,1.4041094
qlinear_conv,702,32x64x1,v4,v5,fastest_bitwise,3.577957063723663,0.058954033333333336,0.05684468333333333
qlinear_conv,705,128x768x1,v4,v5,fastest_bitwise,8.077002668010705,1.5848636999999999,1.4568542166666667
qlinear_conv,717,32x64x1,v4,v5,fastest_bitwise,4.847600904195783,0.058895800000000005,0.056040766666666665
qlinear_conv,720,128x800x1,v4,v5,fastest_bitwise,6.6702696084247295,1.6421457666666666,1.5326102166666666
qlinear_conv,732,32x64x1,v4,v5,fastest_bitwise,5.466801733565051,0.05918055,0.05594526666666667
qlinear_conv,735,128x832x1,v4,v5,fastest_bitwise,8.568044038850255,1.7315044833333333,1.5831484166666667
qlinear_conv,747,32x64x1,v4,v5,fastest_bitwise,4.789622705114093,0.059081550000000004,0.05625176666666667
qlinear_conv,750,128x864x1,v4,v5,fastest_bitwise,6.862490416239697,1.7662691333333334,1.6450590833333334
qlinear_conv,762,32x64x1,v4,v5,fastest_bitwise,4.7433350280129964,0.059073766666666666,0.0562717
qlinear_conv,765,128x896x1,v4,v5,fastest_bitwise,7.978215690331098,1.8408723500000002,1.6940035833333333
qlinear_conv,777,32x64x1,v4,v5,fastest_bitwise,4.533615703666657,0.059165800000000004,0.05648345
qlinear_conv,780,128x928x1,v4,v5,fastest_bitwise,7.553002618702824,1.9078593499999998,1.7637586833333332
qlinear_conv,792,32x64x1,v4,v5,fastest_bitwise,5.560238571726105,0.059138050000000005,0.055849833333333335
qlinear_conv,795,128x960x1,v4,v5,fastest_bitwise,8.682438883558907,1.9859999666666668,1.8135667333333332
qlinear_conv,807,32x64x1,v4,v5,fastest_bitwise,5.4739766676597394,0.059243950000000004,0.05600095
qlinear_conv,810,128x992x1,v4,v5,fastest_bitwise,7.863982733474027,2.0284566833333333,1.8689392
qlinear_conv,822,32x64x1,v4,v5,fastest_bitwise,5.028395929573692,0.05910765,0.05613548333333333
qlinear_conv,825,512x1024x1,v4,v5,fastest_bitwise,6.525483641506854,8.5952283,8.034348083333333
fused_quant_qconv,0,32x1x3x3,combined_hybrid,combined_hybrid,fastest_bitwise,0.0,72.65225603333333,72.65225603333333
fused_quant_qconv,10,32x32x3x3,combined_hybrid,combined_v5,fastest_bitwise,8.470692148123103,16.74133245,15.323225716666666
fused_quant_qconv,25,32x32x3x3,combined_hybrid,combined_v5,fastest_bitwise,8.196508480253343,8.679881216666667,7.9684340166666665
fused_quant_qconv,31,32x32x3x3,combined_hybrid,combined_v5,fastest_bitwise,7.492308467537605,4.5994627,4.254856766666666
fused_quant_qconv,35,128x320x5,combined_hybrid,combined_hybrid,incumbent_within_margin,0.5030194480743645,4.5478924166666665,4.5478924166666665
fused_quant_qconv,42,32x128x3,combined_hybrid,combined_fixed,fastest_bitwise,1.0423662671376444,0.34600601666666664,0.34239936666666665
fused_quant_qconv,49,64x128x1,combined_hybrid,combined_v5,fastest_bitwise,5.159694868922962,0.21886113333333332,0.20756856666666668
fused_quant_qconv,57,32x128x3,combined_hybrid,combined_hybrid,fastest_bitwise,0.0,0.34237771666666666,0.34237771666666666
fused_quant_qconv,64,64x128x1,combined_hybrid,combined_v5,fastest_bitwise,5.042715621036127,0.21849734999999998,0.20747915
fused_quant_qconv,72,32x128x3,combined_hybrid,combined_hybrid,fastest_bitwise,0.0,0.34275,0.34275
fused_quant_qconv,79,64x128x1,combined_hybrid,combined_v5,fastest_bitwise,5.218398395264699,0.21881075,0.20739233333333335
fused_quant_qconv,87,32x128x3,combined_hybrid,combined_hybrid,fastest_bitwise,0.0,0.34226993333333333,0.34226993333333333
fused_quant_qconv,94,64x128x1,combined_hybrid,combined_v5,fastest_bitwise,5.151681393239964,0.21867876666666666,0.20741313333333336
fused_quant_qconv,102,32x128x3,combined_hybrid,combined_hybrid,fastest_bitwise,0.0,0.34242011666666666,0.34242011666666666
fused_quant_qconv,109,64x128x1,combined_hybrid,combined_v5,fastest_bitwise,4.9204011006889505,0.21835415,0.20761025
fused_quant_qconv,117,32x128x3,combined_hybrid,combined_hybrid,fastest_bitwise,0.0,0.3425686166666667,0.3425686166666667
fused_quant_qconv,124,64x128x1,combined_hybrid,combined_v5,fastest_bitwise,4.860750282014669,0.21885681666666665,0.20821873333333332
fused_quant_qconv,132,32x128x3,combined_hybrid,combined_hybrid,fastest_bitwise,0.0,0.3423473166666666,0.3423473166666666
fused_quant_qconv,139,64x128x1,combined_hybrid,combined_v5,fastest_bitwise,3.219291824290997,0.21900261666666668,0.21195228333333332
fused_quant_qconv,147,32x128x3,combined_hybrid,combined_hybrid,fastest_bitwise,0.0,0.34576481666666664,0.34576481666666664
fused_quant_qconv,154,64x128x1,combined_hybrid,combined_v5,fastest_bitwise,4.9764935449561465,0.2189115,0.20801738333333333
fused_quant_qconv,162,32x128x3,combined_hybrid,combined_hybrid,fastest_bitwise,0.0,0.3445763833333333,0.3445763833333333
fused_quant_qconv,169,64x128x1,combined_hybrid,combined_v5,fastest_bitwise,5.943503447984099,0.22062408333333333,0.20751128333333335
fused_quant_qconv,177,32x128x3,combined_hybrid,combined_hybrid,fastest_bitwise,0.0,0.34256499999999995,0.34256499999999995
fused_quant_qconv,184,64x128x1,combined_hybrid,combined_v5,fastest_bitwise,5.0171457517863045,0.21905815,0.20806768333333334
fused_quant_qconv,192,32x128x3,combined_hybrid,combined_fixed,fastest_bitwise,2.4060907850252184,0.3516831833333333,0.34322136666666664
fused_quant_qconv,199,64x128x1,combined_hybrid,combined_v5,fastest_bitwise,5.974304593089252,0.22451483333333336,0.21110163333333334
fused_quant_qconv,207,32x128x3,combined_hybrid,combined_hybrid,fastest_bitwise,0.0,0.3422205,0.3422205
fused_quant_qconv,214,64x128x1,combined_hybrid,combined_v5,fastest_bitwise,5.164850224670035,0.21902861666666668,0.20771611666666667
fused_quant_qconv,225,32x128x3,combined_hybrid,combined_hybrid,fastest_bitwise,0.0,0.3952048666666667,0.3952048666666667
fused_quant_qconv,232,64x128x1,combined_hybrid,combined_v5,fastest_bitwise,5.186869351628788,0.21918745,0.20781848333333333
fused_quant_qconv,240,32x128x3,combined_hybrid,combined_hybrid,incumbent_within_margin,0.22747427867544848,0.3961693333333333,0.3961693333333333
fused_quant_qconv,247,64x128x1,combined_hybrid,combined_v5,fastest_bitwise,5.264228479049466,0.21901468333333335,0.20748525
fused_quant_qconv,255,32x128x3,combined_hybrid,combined_hybrid,fastest_bitwise,0.0,0.39506421666666663,0.39506421666666663
fused_quant_qconv,262,64x128x1,combined_hybrid,combined_v5,fastest_bitwise,4.916476070196704,0.2190929,0.20832125
fused_quant_qconv,270,32x128x3,combined_hybrid,combined_hybrid,incumbent_within_margin,0.10005884136133432,0.39728290000000005,0.39728290000000005
fused_quant_qconv,277,64x128x1,combined_hybrid,combined_v5,fastest_bitwise,5.352061221862341,0.21916571666666668,0.20743583333333332
fused_quant_qconv,285,32x128x3,combined_hybrid,combined_hybrid,incumbent_within_margin,0.1074952383804371,0.39570744999999996,0.39570744999999996
fused_quant_qconv,292,64x128x1,combined_hybrid,combined_v5,fastest_bitwise,5.64407907656724,0.2199792,0.2075634
fused_quant_qconv,300,32x128x3,combined_hybrid,combined_fixed,fastest_bitwise,1.4928532886105135,0.40150518333333335,0.3955113
fused_quant_qconv,307,64x128x1,combined_hybrid,combined_v5,fastest_bitwise,4.9423975741668675,0.2189983,0.20817453333333333
fused_quant_qconv,315,32x128x3,combined_hybrid,combined_hybrid,incumbent_within_margin,0.7732337958528481,0.39908584999999996,0.39908584999999996
fused_quant_qconv,322,64x128x1,combined_hybrid,combined_v5,fastest_bitwise,4.650785783811615,0.21908591666666669,0.2088967
fused_quant_qconv,330,32x128x3,combined_hybrid,combined_hybrid,incumbent_within_margin,0.006579556874225063,0.3954167,0.3954167
fused_quant_qconv,337,64x128x1,combined_hybrid,combined_v5,fastest_bitwise,5.258790303010966,0.21943925,0.2078994
fused_quant_qconv,345,32x128x3,combined_hybrid,combined_hybrid,fastest_bitwise,0.0,0.3949478166666667,0.3949478166666667
fused_quant_qconv,352,64x128x1,combined_hybrid,combined_v5,fastest_bitwise,3.003234294215693,0.22031081666666666,0.21369436666666666
fused_quant_qconv,360,32x128x3,combined_hybrid,combined_hybrid,incumbent_within_margin,0.062280637707251334,0.3958159,0.3958159
fused_quant_qconv,367,64x128x1,combined_hybrid,combined_v5,fastest_bitwise,7.401843601744224,0.22469965,0.20806773333333334
fused_quant_qconv,375,32x128x3,combined_hybrid,combined_hybrid,incumbent_within_margin,0.006393682990570443,0.39492105,0.39492105
fused_quant_qconv,382,64x128x1,combined_hybrid,combined_v5,fastest_bitwise,5.446671947418684,0.21985505,0.20788026666666667
fused_quant_qconv,390,32x128x3,combined_hybrid,combined_hybrid,fastest_bitwise,0.0,0.39561546666666664,0.39561546666666664
fused_quant_qconv,397,64x128x1,combined_hybrid,combined_v5,fastest_bitwise,5.669638601744383,0.21978384999999998,0.2073229
fused_quant_qconv,405,32x128x3,combined_hybrid,combined_hybrid,fastest_bitwise,0.0,0.39608768333333333,0.39608768333333333
fused_quant_qconv,412,64x128x1,combined_hybrid,combined_v5,fastest_bitwise,5.458863998721459,0.2189991666666667,0.20704430000000001
fused_quant_qconv,420,32x128x3,combined_hybrid,combined_hybrid,fastest_bitwise,0.0,0.39482471666666663,0.39482471666666663
fused_quant_qconv,427,64x128x1,combined_hybrid,combined_v5,fastest_bitwise,5.278316289670236,0.21858075000000002,0.20704336666666665
fused_quant_qconv,435,32x128x3,combined_hybrid,combined_hybrid,incumbent_within_margin,0.016154593974720327,0.39771968333333335,0.39771968333333335
fused_quant_qconv,442,64x128x1,combined_hybrid,combined_v5,fastest_bitwise,5.172064357191637,0.21882558333333335,0.20750778333333333
fused_quant_qconv,450,32x128x3,combined_hybrid,combined_hybrid,fastest_bitwise,0.0,0.39479248333333333,0.39479248333333333
fused_quant_qconv,457,64x128x1,combined_hybrid,combined_v5,fastest_bitwise,5.150806418699341,0.21888546666666667,0.2076111
fused_quant_qconv,465,32x128x3,combined_hybrid,combined_hybrid,incumbent_within_margin,0.10931607348329067,0.39547401666666665,0.39547401666666665
fused_quant_qconv,472,64x128x1,combined_hybrid,combined_v5,fastest_bitwise,3.093693837409467,0.21877515,0.21200691666666668
fused_quant_qconv,480,32x128x3,combined_hybrid,combined_hybrid,incumbent_within_margin,0.2966329052543131,0.3962248666666667,0.3962248666666667
fused_quant_qconv,487,64x128x1,combined_hybrid,combined_v5,fastest_bitwise,6.635695329855509,0.22275435000000002,0.20797305000000002
fused_quant_qconv,495,32x128x3,combined_hybrid,combined_hybrid,fastest_bitwise,0.0,0.39480303333333333,0.39480303333333333
fused_quant_qconv,502,64x128x1,combined_hybrid,combined_v5,fastest_bitwise,4.961629566814647,0.21871006666666667,0.20785848333333332
fused_quant_qconv,510,32x128x3,combined_hybrid,combined_hybrid,incumbent_within_margin,0.490081972887955,0.3974505166666667,0.3974505166666667
fused_quant_qconv,517,64x128x1,combined_hybrid,combined_v5,fastest_bitwise,5.052063062333014,0.21903725,0.20797134999999997
fused_quant_qconv,525,32x128x3,combined_hybrid,combined_hybrid,incumbent_within_margin,0.13098810263230592,0.39638460000000003,0.39638460000000003
fused_quant_qconv,532,64x128x1,combined_hybrid,combined_v5,fastest_bitwise,5.282876284160108,0.21891578333333334,0.20735073333333334
fused_quant_qconv,540,32x128x3,combined_hybrid,combined_hybrid,fastest_bitwise,0.0,0.3972248,0.3972248
fused_quant_qconv,547,64x128x1,combined_hybrid,combined_v5,fastest_bitwise,5.187988208712563,0.2187717,0.20742185
fused_quant_qconv,555,32x128x3,combined_hybrid,combined_hybrid,fastest_bitwise,0.0,0.39929508333333336,0.39929508333333336
fused_quant_qconv,562,64x128x1,combined_hybrid,combined_v5,fastest_bitwise,5.335456689187371,0.21900343333333333,0.2073186
fused_quant_qconv,570,32x128x3,combined_hybrid,combined_hybrid,fastest_bitwise,0.0,0.3951033333333333,0.3951033333333333
fused_quant_qconv,577,64x128x1,combined_hybrid,combined_v5,fastest_bitwise,4.922643466211865,0.21862406666666667,0.20786198333333333
fused_quant_qconv,588,32x128x3,combined_hybrid,combined_hybrid,incumbent_within_margin,0.6954508052921267,0.39777076666666666,0.39777076666666666
fused_quant_qconv,595,64x128x1,combined_hybrid,combined_v5,fastest_bitwise,5.377737299141137,0.21913708333333334,0.20735246666666668
fused_quant_qconv,603,32x128x3,combined_hybrid,combined_hybrid,incumbent_within_margin,0.2040280684864109,0.39567268333333333,0.39567268333333333
fused_quant_qconv,610,64x128x1,combined_hybrid,combined_v5,fastest_bitwise,5.224193183757249,0.21888451666666667,0.20744956666666667
fused_quant_qconv,618,32x128x3,combined_hybrid,combined_hybrid,incumbent_within_margin,0.9011984782064402,0.39906858333333334,0.39906858333333334
fused_quant_qconv,625,64x128x1,combined_hybrid,combined_v5,fastest_bitwise,5.167357489113562,0.21878913333333333,0.20748351666666667
fused_quant_qconv,633,32x128x3,combined_hybrid,combined_fixed,fastest_bitwise,1.1042371506762076,0.39980994999999997,0.3953951
fused_quant_qconv,640,64x128x1,combined_hybrid,combined_v5,fastest_bitwise,4.862372125567696,0.21935418333333334,0.20868836666666668
fused_quant_qconv,648,32x128x3,combined_hybrid,combined_fixed,fastest_bitwise,2.2267678389719614,0.4043618666666667,0.39535766666666666
fused_quant_qconv,655,64x128x1,combined_hybrid,combined_v5,fastest_bitwise,4.756057507468869,0.21942193333333335,0.2089861
fused_quant_qconv,663,32x128x3,combined_hybrid,combined_hybrid,incumbent_within_margin,0.4086105933568971,0.39680811666666665,0.39680811666666665
fused_quant_qconv,670,64x128x1,combined_hybrid,combined_v5,fastest_bitwise,2.0130647776269908,0.21909545000000002,0.21468491666666667
fused_quant_qconv,678,32x128x3,combined_hybrid,combined_hybrid,incumbent_within_margin,0.046338002764166365,0.39510406666666664,0.39510406666666664
fused_quant_qconv,685,64x128x1,combined_hybrid,combined_v5,fastest_bitwise,5.1433570070140835,0.21889756666666665,0.20763888333333333
fused_quant_qconv,693,32x128x3,combined_hybrid,combined_hybrid,fastest_bitwise,0.0,0.39506246666666667,0.39506246666666667
fused_quant_qconv,700,64x128x1,combined_hybrid,combined_v5,fastest_bitwise,5.227158101174758,0.21922396666666666,0.20776478333333334
fused_quant_qconv,708,32x128x3,combined_hybrid,combined_hybrid,incumbent_within_margin,0.1646667251328786,0.39586018333333334,0.39586018333333334
fused_quant_qconv,715,64x128x1,combined_hybrid,combined_v5,fastest_bitwise,5.108816035951451,0.219407,0.2081979
fused_quant_qconv,723,32x128x3,combined_hybrid,combined_hybrid,fastest_bitwise,0.0,0.3948516166666666,0.3948516166666666
fused_quant_qconv,730,64x128x1,combined_hybrid,combined_v5,fastest_bitwise,7.668800284807176,0.22808413333333333,0.21059281666666668
fused_quant_qconv,738,32x128x3,combined_hybrid,combined_hybrid,fastest_bitwise,0.0,0.3976571,0.3976571
fused_quant_qconv,745,64x128x1,combined_hybrid,combined_v5,fastest_bitwise,4.879296076665285,0.218717,0.20804514999999998
fused_quant_qconv,753,32x128x3,combined_hybrid,combined_hybrid,fastest_bitwise,0.0,0.39574656666666663,0.39574656666666663
fused_quant_qconv,760,64x128x1,combined_hybrid,combined_v5,fastest_bitwise,5.92860982261949,0.2210164,0.20791320000000002
fused_quant_qconv,768,32x128x3,combined_hybrid,combined_hybrid,fastest_bitwise,0.0,0.39502438333333334,0.39502438333333334
fused_quant_qconv,775,64x128x1,combined_hybrid,combined_v5,fastest_bitwise,5.112724369717555,0.21883244999999998,0.20764415
fused_quant_qconv,783,32x128x3,combined_hybrid,combined_hybrid,fastest_bitwise,0.0,0.39487415,0.39487415
fused_quant_qconv,790,64x128x1,combined_hybrid,combined_v5,fastest_bitwise,5.251850446813585,0.21905295,0.20754861666666666
fused_quant_qconv,798,32x128x3,combined_hybrid,combined_hybrid,fastest_bitwise,0.0,0.39482816666666665,0.39482816666666665
fused_quant_qconv,805,64x128x1,combined_hybrid,combined_v5,fastest_bitwise,4.64260667682183,0.2204462,0.21021175
fused_quant_qconv,813,32x128x3,combined_hybrid,combined_hybrid,incumbent_within_margin,0.13584568951338638,0.39673691666666666,0.39673691666666666
fused_quant_qconv,820,64x128x1,combined_hybrid,combined_v5,fastest_bitwise,5.149198473032539,0.21891756666666667,0.20764506666666668
fused_quant_qconv,829,192x1024x1,combined_hybrid,combined_hybrid,fastest_bitwise,0.0,0.3996675333333333,0.3996675333333333
